%CPU %MEM ARGS Mon Oct  5 01:59:27 UTC 2026
 0.0  0.0 grep --color=auto ./cli       1  2288
 0.0  0.0 ./cli kernel images/4096x40   0  1700
  PID User     Command                         Swap      USS      PSS      RSS 
 8207 codespace ./cli kernel images/4096x40        0      976     1071     2500 
 8201 codespace /usr/bin/python3 /usr/bin/s        0    11912    12150    14396 
%CPU %MEM ARGS Mon Oct  5 01:59:28 UTC 2026
 0.0  0.0 grep --color=auto ./cli       0  2152
83.7  0.0 ./cli kernel images/4096x40   1  4108
  PID User     Command                         Swap      USS      PSS      RSS 
 8207 codespace ./cli kernel images/4096x40        0     3044     3140     4568 
 8210 codespace /usr/bin/python3 /usr/bin/s        0    12040    12272    14460 
%CPU %MEM ARGS Mon Oct  5 01:59:28 UTC 2026
 0.0  0.0 grep --color=auto ./cli       0  2184
89.5  0.0 ./cli kernel images/4096x40   0  6664
  PID User     Command                         Swap      USS      PSS      RSS 
 8207 codespace ./cli kernel images/4096x40        0     5604     5700     7128 
 8215 codespace /usr/bin/python3 /usr/bin/s        0    12040    12274    14460 
%CPU %MEM ARGS Mon Oct  5 01:59:28 UTC 2026
 0.0  0.0 grep --color=auto ./cli       0  2180
90.9  0.1 ./cli kernel images/4096x40   1  9328
  PID User     Command                         Swap      USS      PSS      RSS 
 8207 codespace ./cli kernel images/4096x40        0     8184     8272     9708 
 8224 codespace /usr/bin/python3 /usr/bin/s        0    12040    12261    14512 
%CPU %MEM ARGS Mon Oct  5 01:59:29 UTC 2026
 0.0  0.0 grep --color=auto ./cli       0  2252
90.0  0.1 ./cli kernel images/4096x40   1 11408
  PID User     Command                         Swap      USS      PSS      RSS 
 8207 codespace ./cli kernel images/4096x40        0    10548    10635    12072 
 8241 codespace /usr/bin/python3 /usr/bin/s        0    12036    12242    14456 
%CPU %MEM ARGS Mon Oct  5 01:59:29 UTC 2026
 0.0  0.0 grep --color=auto ./cli       0  1616
86.1  0.1 ./cli kernel images/4096x40   0 13436
  PID User     Command                         Swap      USS      PSS      RSS 
 8262 codespace /usr/bin/python3 /usr/bin/s        0    12072    12293    14580 
 8207 codespace ./cli kernel images/4096x40        0    12696    12785    14220 
%CPU %MEM ARGS Mon Oct  5 01:59:29 UTC 2026
 0.0  0.0 grep --color=auto ./cli       1  2160
84.2  0.1 ./cli kernel images/4096x40   0 16196
  PID User     Command                         Swap      USS      PSS      RSS 
 8290 codespace /usr/bin/python3 /usr/bin/s        0    12044    12274    14448 
 8207 codespace ./cli kernel images/4096x40        0    15148    15244    16672 
%CPU %MEM ARGS Mon Oct  5 01:59:30 UTC 2026
 0.0  0.0 grep --color=auto ./cli       1  2292
86.6  0.2 ./cli kernel images/4096x40   0 18904
  PID User     Command                         Swap      USS      PSS      RSS 
 8295 codespace /usr/bin/python3 /usr/bin/s        0    12040    12278    14464 
 8207 codespace ./cli kernel images/4096x40        0    17832    17928    19356 
%CPU %MEM ARGS Mon Oct  5 01:59:30 UTC 2026
 0.0  0.0 grep --color=auto ./cli       1  2212
88.1  0.2 ./cli kernel images/4096x40   0 21624
  PID User     Command                         Swap      USS      PSS      RSS 
 8300 codespace /usr/bin/python3 /usr/bin/s        0    12040    12281    14520 
 8207 codespace ./cli kernel images/4096x40        0    20548    20643    22072 
%CPU %MEM ARGS Mon Oct  5 01:59:30 UTC 2026
 0.0  0.0 grep --color=auto ./cli       1  2192
89.3  0.2 ./cli kernel images/4096x40   0 24288
  PID User     Command                         Swap      USS      PSS      RSS 
 8306 codespace /usr/bin/python3 /usr/bin/s        0    12040    12281    14528 
 8207 codespace ./cli kernel images/4096x40        0    23216    23311    24740 
%CPU %MEM ARGS Mon Oct  5 01:59:31 UTC 2026
 0.0  0.0 grep --color=auto ./cli       0  2192
90.0  0.3 ./cli kernel images/4096x40   0 26856
  PID User     Command                         Swap      USS      PSS      RSS 
 8311 codespace /usr/bin/python3 /usr/bin/s        0    12040    12278    14464 
 8207 codespace ./cli kernel images/4096x40        0    25776    25872    27300 
%CPU %MEM ARGS Mon Oct  5 01:59:31 UTC 2026
 0.0  0.0 grep --color=auto ./cli       1  2300
90.8  0.3 ./cli kernel images/4096x40   0 29508
  PID User     Command                         Swap      USS      PSS      RSS 
 8316 codespace /usr/bin/python3 /usr/bin/s        0    12076    12331    14572 
 8207 codespace ./cli kernel images/4096x40        0    28416    28511    29940 
%CPU %MEM ARGS Mon Oct  5 01:59:31 UTC 2026
 0.0  0.0 grep --color=auto ./cli       0  2164
91.2  0.3 ./cli kernel images/4096x40   0 31820
  PID User     Command                         Swap      USS      PSS      RSS 
 8328 codespace /usr/bin/python3 /usr/bin/s        0    12044    12285    14468 
 8207 codespace ./cli kernel images/4096x40        0    30732    30828    32256 
%CPU %MEM ARGS Mon Oct  5 01:59:32 UTC 2026
 0.0  0.0 grep --color=auto ./cli       1  2340
92.1  0.4 ./cli kernel images/4096x40   0 34500
  PID User     Command                         Swap      USS      PSS      RSS 
 8333 codespace /usr/bin/python3 /usr/bin/s        0    12040    12293    14548 
 8207 codespace ./cli kernel images/4096x40        0    33576    33672    35100 
%CPU %MEM ARGS Mon Oct  5 01:59:32 UTC 2026
 0.0  0.0 grep --color=auto ./cli       1  2304
92.2  0.4 ./cli kernel images/4096x40   0 37288
  PID User     Command                         Swap      USS      PSS      RSS 
 8338 codespace /usr/bin/python3 /usr/bin/s        0    12040    12268    14436 
 8207 codespace ./cli kernel images/4096x40        0    36192    36287    37716 
%CPU %MEM ARGS Mon Oct  5 01:59:32 UTC 2026
 0.0  0.0 grep --color=auto ./cli       0  2304
92.7  0.4 ./cli kernel images/4096x40   0 39896
  PID User     Command                         Swap      USS      PSS      RSS 
 8344 codespace /usr/bin/python3 /usr/bin/s        0    12040    12281    14512 
 8207 codespace ./cli kernel images/4096x40        0    38808    38903    40332 
%CPU %MEM ARGS Mon Oct  5 01:59:32 UTC 2026
 0.0  0.0 grep --color=auto ./cli       1  2172
93.1  0.5 ./cli kernel images/4096x40   0 42444
  PID User     Command                         Swap      USS      PSS      RSS 
 8349 codespace /usr/bin/python3 /usr/bin/s        0    12052    12286    14472 
 8207 codespace ./cli kernel images/4096x40        0    41372    41468    42896 
%CPU %MEM ARGS Mon Oct  5 01:59:33 UTC 2026
 0.0  0.0 grep --color=auto ./cli       0  2176
93.1  0.5 ./cli kernel images/4096x40   0 44828
  PID User     Command                         Swap      USS      PSS      RSS 
 8354 codespace /usr/bin/python3 /usr/bin/s        0    12040    12281    14464 
 8207 codespace ./cli kernel images/4096x40        0    43772    43868    45296 
%CPU %MEM ARGS Mon Oct  5 01:59:33 UTC 2026
 0.0  0.0 grep --color=auto ./cli       0  2252
93.3  0.5 ./cli kernel images/4096x40   1 47276
  PID User     Command                         Swap      USS      PSS      RSS 
 8359 codespace /usr/bin/python3 /usr/bin/s        0    12040    12271    14460 
 8207 codespace ./cli kernel images/4096x40        0    46192    46288    47716 
%CPU %MEM ARGS Mon Oct  5 01:59:33 UTC 2026
 0.0  0.0 grep --color=auto ./cli       1  2308
93.3  0.6 ./cli kernel images/4096x40   0 49788
  PID User     Command                         Swap      USS      PSS      RSS 
 8369 codespace /usr/bin/python3 /usr/bin/s        0    12076    12302    14572 
 8207 codespace ./cli kernel images/4096x40        0    48748    48835    50272 
%CPU %MEM ARGS Mon Oct  5 01:59:34 UTC 2026
 0.0  0.0 grep --color=auto ./cli       0    24
93.3  0.6 ./cli kernel images/4096x40   1 52176
  PID User     Command                         Swap      USS      PSS      RSS 
 8387 codespace /usr/bin/python3 /usr/bin/s        0    12040    12260    14508 
 8207 codespace ./cli kernel images/4096x40        0    51248    51335    52772 
%CPU %MEM ARGS Mon Oct  5 01:59:34 UTC 2026
 0.0  0.0 grep --color=auto ./cli       0  2172
93.2  0.6 ./cli kernel images/4096x40   0 54832
  PID User     Command                         Swap      USS      PSS      RSS 
 8392 codespace /usr/bin/python3 /usr/bin/s        0    12028    12233    14448 
 8207 codespace ./cli kernel images/4096x40        0    53692    53780    55216 
%CPU %MEM ARGS Mon Oct  5 01:59:34 UTC 2026
 0.0  0.0 grep --color=auto ./cli       1  2156
93.1  0.7 ./cli kernel images/4096x40   1 57400
  PID User     Command                         Swap      USS      PSS      RSS 
 8398 codespace /usr/bin/python3 /usr/bin/s        0    12040    12250    14484 
 8207 codespace ./cli kernel images/4096x40        0    56180    56273    57704 
%CPU %MEM ARGS Mon Oct  5 01:59:35 UTC 2026
 0.0  0.0 grep --color=auto ./cli       1  2156
92.6  0.7 ./cli kernel images/4096x40   0 59772
  PID User     Command                         Swap      USS      PSS      RSS 
 8417 codespace /usr/bin/python3 /usr/bin/s        0    12052    12304    14552 
 8207 codespace ./cli kernel images/4096x40        0    58648    58744    60172 
%CPU %MEM ARGS Mon Oct  5 01:59:35 UTC 2026
 0.0  0.0 grep --color=auto ./cli       0  2252
92.5  0.7 ./cli kernel images/4096x40   1 62244
  PID User     Command                         Swap      USS      PSS      RSS 
 8422 codespace /usr/bin/python3 /usr/bin/s        0    12044    12284    14528 
 8207 codespace ./cli kernel images/4096x40        0    61172    61267    62696 
%CPU %MEM ARGS Mon Oct  5 01:59:35 UTC 2026
 0.0  0.0 grep --color=auto ./cli       0  2180
92.9  0.7 ./cli kernel images/4096x40   1 64924
  PID User     Command                         Swap      USS      PSS      RSS 
 8428 codespace /usr/bin/python3 /usr/bin/s        0    12068    12312    14576 
 8207 codespace ./cli kernel images/4096x40        0    63816    63912    65340 
%CPU %MEM ARGS Mon Oct  5 01:59:36 UTC 2026
 0.0  0.0 grep --color=auto ./cli       0  2292
93.1  0.8 ./cli kernel images/4096x40   1 67516
  PID User     Command                         Swap      USS      PSS      RSS 
 8433 codespace /usr/bin/python3 /usr/bin/s        0    12060    12308    14604 
 8207 codespace ./cli kernel images/4096x40        0    66412    66508    67936 
%CPU %MEM ARGS Mon Oct  5 01:59:36 UTC 2026
 0.0  0.0 grep --color=auto ./cli       0  2152
93.3  0.8 ./cli kernel images/4096x40   1 70116
  PID User     Command                         Swap      USS      PSS      RSS 
 8438 codespace /usr/bin/python3 /usr/bin/s        0    12032    12267    14452 
 8207 codespace ./cli kernel images/4096x40        0    69016    69111    70540 
%CPU %MEM ARGS Mon Oct  5 01:59:36 UTC 2026
 0.0  0.0 grep --color=auto ./cli       0  2164
93.4  0.8 ./cli kernel images/4096x40   1 72508
  PID User     Command                         Swap      USS      PSS      RSS 
 8450 codespace /usr/bin/python3 /usr/bin/s        0    12040    12281    14516 
 8207 codespace ./cli kernel images/4096x40        0    71412    71507    72936 
%CPU %MEM ARGS Mon Oct  5 01:59:36 UTC 2026
 0.0  0.0 grep --color=auto ./cli       0  2296
93.6  0.9 ./cli kernel images/4096x40   1 75136
  PID User     Command                         Swap      USS      PSS      RSS 
 8455 codespace /usr/bin/python3 /usr/bin/s        0    12040    12283    14500 
 8207 codespace ./cli kernel images/4096x40        0    74048    74143    75572 
%CPU %MEM ARGS Mon Oct  5 01:59:37 UTC 2026
 0.0  0.0 grep --color=auto ./cli       1  2176
93.8  0.9 ./cli kernel images/4096x40   1 77736
  PID User     Command                         Swap      USS      PSS      RSS 
 8460 codespace /usr/bin/python3 /usr/bin/s        0    12040    12272    14460 
 8207 codespace ./cli kernel images/4096x40        0    76620    76716    78144 
%CPU %MEM ARGS Mon Oct  5 01:59:37 UTC 2026
 0.0  0.0 grep --color=auto ./cli       0  2248
94.0  0.9 ./cli kernel images/4096x40   1 80384
  PID User     Command                         Swap      USS      PSS      RSS 
 8465 codespace /usr/bin/python3 /usr/bin/s        0    12040    12279    14524 
 8207 codespace ./cli kernel images/4096x40        0    79312    79406    80836 
%CPU %MEM ARGS Mon Oct  5 01:59:37 UTC 2026
 0.0  0.0 grep --color=auto ./cli       0  2200
94.1  1.0 ./cli kernel images/4096x40   1 83124
  PID User     Command                         Swap      USS      PSS      RSS 
 8471 codespace /usr/bin/python3 /usr/bin/s        0    12040    12274    14460 
 8207 codespace ./cli kernel images/4096x40        0    82128    82223    83652 
%CPU %MEM ARGS Mon Oct  5 01:59:38 UTC 2026
 0.0  0.0 grep --color=auto ./cli       0  2176
94.3  1.0 ./cli kernel images/4096x40   1 85892
  PID User     Command                         Swap      USS      PSS      RSS 
 8476 codespace /usr/bin/python3 /usr/bin/s        0    12044    12297    14552 
 8207 codespace ./cli kernel images/4096x40        0    85080    85176    86604 
%CPU %MEM ARGS Mon Oct  5 01:59:38 UTC 2026
 0.0  0.0 grep --color=auto ./cli       0  2288
94.1  1.0 ./cli kernel images/4096x40   1 88824
  PID User     Command                         Swap      USS      PSS      RSS 
 8481 codespace /usr/bin/python3 /usr/bin/s        0    12040    12280    14528 
 8207 codespace ./cli kernel images/4096x40        0    87740    87834    89264 
%CPU %MEM ARGS Mon Oct  5 01:59:38 UTC 2026
 0.0  0.0 grep --color=auto ./cli       0  2208
94.3  1.1 ./cli kernel images/4096x40   1 91480
  PID User     Command                         Swap      USS      PSS      RSS 
 8487 codespace /usr/bin/python3 /usr/bin/s        0    12040    12280    14496 
 8207 codespace ./cli kernel images/4096x40        0    90396    90492    91920 
%CPU %MEM ARGS Mon Oct  5 01:59:39 UTC 2026
 0.0  0.0 grep --color=auto ./cli       0  2292
94.3  1.1 ./cli kernel images/4096x40   1 94004
  PID User     Command                         Swap      USS      PSS      RSS 
 8498 codespace /usr/bin/python3 /usr/bin/s        0    12040    12272    14460 
 8207 codespace ./cli kernel images/4096x40        0    92908    93003    94432 
%CPU %MEM ARGS Mon Oct  5 01:59:39 UTC 2026
 0.0  0.0 grep --color=auto ./cli       0  2252
94.4  1.1 ./cli kernel images/4096x40   1 96628
  PID User     Command                         Swap      USS      PSS      RSS 
 8503 codespace /usr/bin/python3 /usr/bin/s        0    12040    12277    14460 
 8207 codespace ./cli kernel images/4096x40        0    95576    95672    97100 
%CPU %MEM ARGS Mon Oct  5 01:59:39 UTC 2026
 0.0  0.0 grep --color=auto ./cli       0  2308
94.3  1.2 ./cli kernel images/4096x40   0 99044
  PID User     Command                         Swap      USS      PSS      RSS 
 8509 codespace /usr/bin/python3 /usr/bin/s        0    12040    12280    14528 
 8207 codespace ./cli kernel images/4096x40        0    98052    98146    99576 
%CPU %MEM ARGS Mon Oct  5 01:59:40 UTC 2026
 0.0  0.0 grep --color=auto ./cli       1  2184
93.9  1.2 ./cli kernel images/4096x40   1 101236
  PID User     Command                         Swap      USS      PSS      RSS 
 8532 codespace /usr/bin/python3 /usr/bin/s        0    12040    12279    14520 
 8207 codespace ./cli kernel images/4096x40        0   100136   100230   101660 
%CPU %MEM ARGS Mon Oct  5 01:59:40 UTC 2026
 0.0  0.0 grep --color=auto ./cli       0  2308
93.9  1.2 ./cli kernel images/4096x40   1 103700
  PID User     Command                         Swap      USS      PSS      RSS 
 8543 codespace /usr/bin/python3 /usr/bin/s        0    12036    12242    14460 
 8207 codespace ./cli kernel images/4096x40        0   102600   102692   104124 
%CPU %MEM ARGS Mon Oct  5 01:59:40 UTC 2026
 0.0  0.0 grep --color=auto ./cli       1  2296
94.1  1.3 ./cli kernel images/4096x40   1 106152
  PID User     Command                         Swap      USS      PSS      RSS 
 8549 codespace /usr/bin/python3 /usr/bin/s        0    12064    12312    14580 
 8207 codespace ./cli kernel images/4096x40        0   105036   105132   106560 
%CPU %MEM ARGS Mon Oct  5 01:59:41 UTC 2026
 0.0  0.0 grep --color=auto ./cli       0  2200
94.1  1.3 ./cli kernel images/4096x40   0 108500
  PID User     Command                         Swap      USS      PSS      RSS 
 8554 codespace /usr/bin/python3 /usr/bin/s        0    12040    12277    14460 
 8207 codespace ./cli kernel images/4096x40        0   107568   107663   109092 
%CPU %MEM ARGS Mon Oct  5 01:59:41 UTC 2026
 0.0  0.0 grep --color=auto ./cli       0  2172
94.1  1.3 ./cli kernel images/4096x40   0 111224
  PID User     Command                         Swap      USS      PSS      RSS 
 8559 codespace /usr/bin/python3 /usr/bin/s        0    12040    12279    14528 
 8207 codespace ./cli kernel images/4096x40        0   110100   110194   111624 
%CPU %MEM ARGS Mon Oct  5 01:59:41 UTC 2026
 0.0  0.0 grep --color=auto ./cli       0  2252
93.9  1.3 ./cli kernel images/4096x40   1 113632
  PID User     Command                         Swap      USS      PSS      RSS 
 8571 codespace /usr/bin/python3 /usr/bin/s        0    12040    12281    14520 
 8207 codespace ./cli kernel images/4096x40        0   112524   112619   114048 
%CPU %MEM ARGS Mon Oct  5 01:59:41 UTC 2026
 0.0  0.0 grep --color=auto ./cli       1  2292
94.1  1.4 ./cli kernel images/4096x40   0 116140
  PID User     Command                         Swap      USS      PSS      RSS 
 8576 codespace /usr/bin/python3 /usr/bin/s        0    12040    12280    14496 
 8207 codespace ./cli kernel images/4096x40        0   115048   115143   116572 
%CPU %MEM ARGS Mon Oct  5 01:59:42 UTC 2026
 0.0  0.0 grep --color=auto ./cli       1  2340
94.1  1.4 ./cli kernel images/4096x40   0 118756
  PID User     Command                         Swap      USS      PSS      RSS 
 8581 codespace /usr/bin/python3 /usr/bin/s        0    12052    12285    14472 
 8207 codespace ./cli kernel images/4096x40        0   117524   117620   119048 
%CPU %MEM ARGS Mon Oct  5 01:59:42 UTC 2026
 0.0  0.0 grep --color=auto ./cli       1  2196
94.0  1.4 ./cli kernel images/4096x40   0 121208
  PID User     Command                         Swap      USS      PSS      RSS 
 8586 codespace /usr/bin/python3 /usr/bin/s        0    12044    12260    14480 
 8207 codespace ./cli kernel images/4096x40        0   120120   120214   121644 
%CPU %MEM ARGS Mon Oct  5 01:59:42 UTC 2026
 0.0  0.0 grep --color=auto ./cli       1  2208
94.1  1.5 ./cli kernel images/4096x40   0 123892
  PID User     Command                         Swap      USS      PSS      RSS 
 8592 codespace /usr/bin/python3 /usr/bin/s        0    12056    12310    14552 
 8207 codespace ./cli kernel images/4096x40        0   122788   122883   124312 
%CPU %MEM ARGS Mon Oct  5 01:59:43 UTC 2026
 0.0  0.0 grep --color=auto ./cli       0  2248
94.2  1.5 ./cli kernel images/4096x40   1 126564
  PID User     Command                         Swap      USS      PSS      RSS 
 8597 codespace /usr/bin/python3 /usr/bin/s        0    12072    12317    14580 
 8207 codespace ./cli kernel images/4096x40        0   125452   125548   126976 
%CPU %MEM ARGS Mon Oct  5 01:59:43 UTC 2026
 0.0  0.0 grep --color=auto ./cli       0  2160
94.3  1.5 ./cli kernel images/4096x40   0 128920
  PID User     Command                         Swap      USS      PSS      RSS 
 8602 codespace /usr/bin/python3 /usr/bin/s        0    12040    12271    14460 
 8207 codespace ./cli kernel images/4096x40        0   127996   128090   129520 
%CPU %MEM ARGS Mon Oct  5 01:59:43 UTC 2026
 0.0  0.0 grep --color=auto ./cli       0  2252
94.2  1.6 ./cli kernel images/4096x40   1 131612
  PID User     Command                         Swap      USS      PSS      RSS 
 8608 codespace /usr/bin/python3 /usr/bin/s        0    12044    12263    14516 
 8207 codespace ./cli kernel images/4096x40        0   130656   130743   132180 
%CPU %MEM ARGS Mon Oct  5 01:59:44 UTC 2026
 0.0  0.0 grep --color=auto ./cli       0  2180
94.1  1.6 ./cli kernel images/4096x40   1 134236
  PID User     Command                         Swap      USS      PSS      RSS 
 8619 codespace /usr/bin/python3 /usr/bin/s        0    12040    12275    14460 
 8207 codespace ./cli kernel images/4096x40        0   133128   133224   134652 
%CPU %MEM ARGS Mon Oct  5 01:59:44 UTC 2026
 0.0  0.0 grep --color=auto ./cli       1  2172
94.0  1.6 ./cli kernel images/4096x40   0 136584
  PID User     Command                         Swap      USS      PSS      RSS 
 8624 codespace /usr/bin/python3 /usr/bin/s        0    12044    12283    14528 
 8207 codespace ./cli kernel images/4096x40        0   135496   135591   137020 
%CPU %MEM ARGS Mon Oct  5 01:59:44 UTC 2026
 0.0  0.0 grep --color=auto ./cli       1  2248
94.2  1.7 ./cli kernel images/4096x40   1 138832
  PID User     Command                         Swap      USS      PSS      RSS 
 8630 codespace /usr/bin/python3 /usr/bin/s        0    12040    12271    14460 
 8207 codespace ./cli kernel images/4096x40        0   137876   137970   139400 
%CPU %MEM ARGS Mon Oct  5 01:59:45 UTC 2026
 0.0  0.0 grep --color=auto ./cli       0  2212
94.2  1.7 ./cli kernel images/4096x40   0 141564
  PID User     Command                         Swap      USS      PSS      RSS 
 8635 codespace /usr/bin/python3 /usr/bin/s        0    12040    12277    14460 
 8207 codespace ./cli kernel images/4096x40        0   140468   140563   141992 
%CPU %MEM ARGS Mon Oct  5 01:59:45 UTC 2026
 0.0  0.0 grep --color=auto ./cli       1  2156
94.3  1.7 ./cli kernel images/4096x40   0 144240
  PID User     Command                         Swap      USS      PSS      RSS 
 8640 codespace /usr/bin/python3 /usr/bin/s        0    12036    12268    14456 
 8207 codespace ./cli kernel images/4096x40        0   143248   143343   144772 
%CPU %MEM ARGS Mon Oct  5 01:59:45 UTC 2026
 0.0  0.0 grep --color=auto ./cli       1  2168
94.3  1.8 ./cli kernel images/4096x40   0 147012
  PID User     Command                         Swap      USS      PSS      RSS 
 8646 codespace /usr/bin/python3 /usr/bin/s        0    12044    12296    14568 
 8207 codespace ./cli kernel images/4096x40        0   145916   146012   147440 
%CPU %MEM ARGS Mon Oct  5 01:59:45 UTC 2026
 0.0  0.0 grep --color=auto ./cli       1     8
94.3  1.8 ./cli kernel images/4096x40   1 149308
  PID User     Command                         Swap      USS      PSS      RSS 
 8657 codespace /usr/bin/python3 /usr/bin/s        0    12036    12251    14496 
 8207 codespace ./cli kernel images/4096x40        0   148316   148408   149840 
%CPU %MEM ARGS Mon Oct  5 01:59:46 UTC 2026
 0.0  0.0 grep --color=auto ./cli       1  1844
94.4  1.8 ./cli kernel images/4096x40   1 151912
  PID User     Command                         Swap      USS      PSS      RSS 
 8662 codespace /usr/bin/python3 /usr/bin/s        0    12040    12279    14524 
 8207 codespace ./cli kernel images/4096x40        0   150900   150994   152424 
%CPU %MEM ARGS Mon Oct  5 01:59:46 UTC 2026
 0.0  0.0 grep --color=auto ./cli       1  2288
94.1  1.9 ./cli kernel images/4096x40   0 154544
  PID User     Command                         Swap      USS      PSS      RSS 
 8674 codespace /usr/bin/python3 /usr/bin/s        0    12044    12275    14464 
 8207 codespace ./cli kernel images/4096x40        0   153452   153547   154976 
%CPU %MEM ARGS Mon Oct  5 01:59:46 UTC 2026
 0.0  0.0 grep --color=auto ./cli       1  2344
94.1  1.9 ./cli kernel images/4096x40   0 157268
  PID User     Command                         Swap      USS      PSS      RSS 
 8679 codespace /usr/bin/python3 /usr/bin/s        0    12040    12275    14460 
 8207 codespace ./cli kernel images/4096x40        0   156160   156256   157684 
%CPU %MEM ARGS Mon Oct  5 01:59:47 UTC 2026
 0.0  0.0 grep --color=auto ./cli       1  2192
94.2  1.9 ./cli kernel images/4096x40   0 159884
  PID User     Command                         Swap      USS      PSS      RSS 
 8684 codespace /usr/bin/python3 /usr/bin/s        0    12044    12287    14504 
 8207 codespace ./cli kernel images/4096x40        0   158804   158899   160328 
%CPU %MEM ARGS Mon Oct  5 01:59:47 UTC 2026
 0.0  0.0 grep --color=auto ./cli       1  2160
94.3  1.9 ./cli kernel images/4096x40   0 162580
  PID User     Command                         Swap      USS      PSS      RSS 
 8689 codespace /usr/bin/python3 /usr/bin/s        0    12048    12289    14528 
 8207 codespace ./cli kernel images/4096x40        0   161508   161603   163032 
%CPU %MEM ARGS Mon Oct  5 01:59:47 UTC 2026
 0.0  0.0 grep --color=auto ./cli       1  2208
94.4  2.0 ./cli kernel images/4096x40   0 165316
  PID User     Command                         Swap      USS      PSS      RSS 
 8695 codespace /usr/bin/python3 /usr/bin/s        0    12036    12271    14456 
 8207 codespace ./cli kernel images/4096x40        0   164240   164336   165764 
%CPU %MEM ARGS Mon Oct  5 01:59:48 UTC 2026
 0.0  0.0 grep --color=auto ./cli       1  2212
94.4  2.0 ./cli kernel images/4096x40   0 168052
  PID User     Command                         Swap      USS      PSS      RSS 
 8700 codespace /usr/bin/python3 /usr/bin/s        0    12040    12270    14448 
 8207 codespace ./cli kernel images/4096x40        0   167260   167356   168784 
%CPU %MEM ARGS Mon Oct  5 01:59:48 UTC 2026
 0.0  0.0 grep --color=auto ./cli       1  2204
94.5  2.0 ./cli kernel images/4096x40   1 170732
  PID User     Command                         Swap      USS      PSS      RSS 
 8705 codespace /usr/bin/python3 /usr/bin/s        0    12040    12284    14512 
 8207 codespace ./cli kernel images/4096x40        0   169656   169751   171180 
%CPU %MEM ARGS Mon Oct  5 01:59:48 UTC 2026
 0.0  0.0 grep --color=auto ./cli       0  2212
94.5  2.1 ./cli kernel images/4096x40   0 173516
  PID User     Command                         Swap      USS      PSS      RSS 
 8711 codespace /usr/bin/python3 /usr/bin/s        0    12040    12239    14500 
 8207 codespace ./cli kernel images/4096x40        0   172560   172647   174084 
%CPU %MEM ARGS Mon Oct  5 01:59:49 UTC 2026
 0.0  0.0 grep --color=auto ./cli       0  2304
94.4  2.1 ./cli kernel images/4096x40   1 176236
  PID User     Command                         Swap      USS      PSS      RSS 
 8722 codespace /usr/bin/python3 /usr/bin/s        0    12040    12283    14496 
 8207 codespace ./cli kernel images/4096x40        0   175160   175255   176684 
%CPU %MEM ARGS Mon Oct  5 01:59:49 UTC 2026
 0.0  0.0 grep --color=auto ./cli       0  2344
94.5  2.1 ./cli kernel images/4096x40   1 178788
  PID User     Command                         Swap      USS      PSS      RSS 
 8727 codespace /usr/bin/python3 /usr/bin/s        0    12052    12296    14560 
 8207 codespace ./cli kernel images/4096x40        0   177716   177812   179240 
%CPU %MEM ARGS Mon Oct  5 01:59:49 UTC 2026
 0.0  0.0 grep --color=auto ./cli       0  2300
94.5  2.2 ./cli kernel images/4096x40   1 181312
  PID User     Command                         Swap      USS      PSS      RSS 
 8733 codespace /usr/bin/python3 /usr/bin/s        0    12044    12276    14424 
 8207 codespace ./cli kernel images/4096x40        0   180232   180327   181756 
%CPU %MEM ARGS Mon Oct  5 01:59:50 UTC 2026
 0.0  0.0 grep --color=auto ./cli       0  2300
94.5  2.2 ./cli kernel images/4096x40   0 183912
  PID User     Command                         Swap      USS      PSS      RSS 
 8744 codespace /usr/bin/python3 /usr/bin/s        0    11992    12230    14476 
 8207 codespace ./cli kernel images/4096x40        0   182968   183062   184492 
%CPU %MEM ARGS Mon Oct  5 01:59:50 UTC 2026
 0.0  0.0 grep --color=auto ./cli       1  2212
94.3  2.2 ./cli kernel images/4096x40   1 186436
  PID User     Command                         Swap      USS      PSS      RSS 
 8760 codespace /usr/bin/python3 /usr/bin/s        0    12040    12278    14524 
 8207 codespace ./cli kernel images/4096x40        0   185340   185434   186864 
%CPU %MEM ARGS Mon Oct  5 01:59:50 UTC 2026
 0.0  0.0 grep --color=auto ./cli       1  2172
94.3  2.3 ./cli kernel images/4096x40   0 188992
  PID User     Command                         Swap      USS      PSS      RSS 
 8766 codespace /usr/bin/python3 /usr/bin/s        0    12036    12280    14496 
 8207 codespace ./cli kernel images/4096x40        0   187908   188003   189432 
%CPU %MEM ARGS Mon Oct  5 01:59:51 UTC 2026
 0.0  0.0 grep --color=auto ./cli       1  2176
94.4  2.3 ./cli kernel images/4096x40   0 191672
  PID User     Command                         Swap      USS      PSS      RSS 
 8771 codespace /usr/bin/python3 /usr/bin/s        0    12040    12272    14460 
 8207 codespace ./cli kernel images/4096x40        0   190584   190680   192108 
%CPU %MEM ARGS Mon Oct  5 01:59:51 UTC 2026
 0.0  0.0 grep --color=auto ./cli       0  2184
94.4  2.3 ./cli kernel images/4096x40   0 194140
  PID User     Command                         Swap      USS      PSS      RSS 
 8782 codespace /usr/bin/python3 /usr/bin/s        0    12036    12247    14464 
 8207 codespace ./cli kernel images/4096x40        0   193020   193113   194544 
%CPU %MEM ARGS Mon Oct  5 01:59:51 UTC 2026
 0.0  0.0 grep --color=auto ./cli       1  2336
94.2  2.4 ./cli kernel images/4096x40   1 196556
  PID User     Command                         Swap      USS      PSS      RSS 
 8794 codespace /usr/bin/python3 /usr/bin/s        0    12040    12280    14496 
 8207 codespace ./cli kernel images/4096x40        0   195464   195560   196988 
%CPU %MEM ARGS Mon Oct  5 01:59:52 UTC 2026
 0.0  0.0 grep --color=auto ./cli       1  2180
94.3  2.5 ./cli kernel images/4096x40   0 208168
  PID User     Command                         Swap      USS      PSS      RSS 
 8799 codespace /usr/bin/python3 /usr/bin/s        0    12040    12284    14496 
 8207 codespace ./cli kernel images/4096x40        0   212176   212274   213764 
%CPU %MEM ARGS Mon Oct  5 01:59:52 UTC 2026
 0.0  0.0 grep --color=auto ./cli       1  2196
94.3  2.9 ./cli kernel images/4096x40   0 242216
  PID User     Command                         Swap      USS      PSS      RSS 
 8804 codespace /usr/bin/python3 /usr/bin/s        0    12040    12276    14460 
 8207 codespace ./cli kernel images/4096x40        0   246568   246667   248156 
%CPU %MEM ARGS Mon Oct  5 01:59:52 UTC 2026
 0.0  0.0 grep --color=auto ./cli       1  2344
94.4  3.4 ./cli kernel images/4096x40   0 276584
  PID User     Command                         Swap      USS      PSS      RSS 
 8810 codespace /usr/bin/python3 /usr/bin/s        0    12072    12329    14572 
 8207 codespace ./cli kernel images/4096x40        0   280880   280978   282468 
%CPU %MEM ARGS Mon Oct  5 01:59:52 UTC 2026
 0.0  0.0 grep --color=auto ./cli       1  2176
94.5  3.8 ./cli kernel images/4096x40   0 310632
  PID User     Command                         Swap      USS      PSS      RSS 
 8815 codespace /usr/bin/python3 /usr/bin/s        0    12040    12277    14460 
 8207 codespace ./cli kernel images/4096x40        0   315220   315319   316808 
%CPU %MEM ARGS Mon Oct  5 01:59:53 UTC 2026
 0.0  0.0 grep --color=auto ./cli       1  2192
94.5  4.2 ./cli kernel images/4096x40   0 343952
  PID User     Command                         Swap      USS      PSS      RSS 
 8820 codespace /usr/bin/python3 /usr/bin/s        0    12056    12293    14476 
 8207 codespace ./cli kernel images/4096x40        0   348328   348427   349916 
%CPU %MEM ARGS Mon Oct  5 01:59:53 UTC 2026
 0.0  0.0 grep --color=auto ./cli       0  2248
94.5  4.5 ./cli kernel images/4096x40   0 371768
  PID User     Command                         Swap      USS      PSS      RSS 
 8825 codespace /usr/bin/python3 /usr/bin/s        0    12076    12332    14572 
 8207 codespace ./cli kernel images/4096x40        0   375968   376066   377556 
%CPU %MEM ARGS Mon Oct  5 01:59:53 UTC 2026
 0.0  0.0 grep --color=auto ./cli       1  2296
94.3  4.8 ./cli kernel images/4096x40   0 394936
  PID User     Command                         Swap      USS      PSS      RSS 
 8837 codespace /usr/bin/python3 /usr/bin/s        0    12040    12285    14512 
 8207 codespace ./cli kernel images/4096x40        0   393348   393446   394936 
%CPU %MEM ARGS Mon Oct  5 01:59:54 UTC 2026
 0.0  0.0 grep --color=auto ./cli       0  2300
94.0  4.8 ./cli kernel images/4096x40   1 394936
  PID User     Command                         Swap      USS      PSS      RSS 
 8842 codespace /usr/bin/python3 /usr/bin/s        0    12052    12304    14552 
 8207 codespace ./cli kernel images/4096x40        0   393348   393447   394936 
%CPU %MEM ARGS Mon Oct  5 01:59:54 UTC 2026
 0.0  0.0 grep --color=auto ./cli       0  2168
93.6  4.8 ./cli kernel images/4096x40   1 394936
  PID User     Command                         Swap      USS      PSS      RSS 
 8848 codespace /usr/bin/python3 /usr/bin/s        0    12040    12280    14460 
 8207 codespace ./cli kernel images/4096x40        0   393348   393447   394936 
%CPU %MEM ARGS Mon Oct  5 01:59:55 UTC 2026
 0.0  0.0 grep --color=auto ./cli       0  2204
93.3  4.8 ./cli kernel images/4096x40   1 394936
  PID User     Command                         Swap      USS      PSS      RSS 
 8853 codespace /usr/bin/python3 /usr/bin/s        0    12040    12282    14524 
 8207 codespace ./cli kernel images/4096x40        0   393348   393446   394936 
%CPU %MEM ARGS Mon Oct  5 01:59:55 UTC 2026
 0.0  0.0 grep --color=auto ./cli       0  2172
93.1  4.8 ./cli kernel images/4096x40   1 394936
  PID User     Command                         Swap      USS      PSS      RSS 
 8858 codespace /usr/bin/python3 /usr/bin/s        0    12040    12290    14500 
 8207 codespace ./cli kernel images/4096x40        0   393348   393446   394936 
%CPU %MEM ARGS Mon Oct  5 01:59:55 UTC 2026
 0.0  0.0 grep --color=auto ./cli       0  2196
92.8  4.8 ./cli kernel images/4096x40   1 394936
  PID User     Command                         Swap      USS      PSS      RSS 
 8864 codespace /usr/bin/python3 /usr/bin/s        0    12036    12274    14520 
 8207 codespace ./cli kernel images/4096x40        0   393348   393445   394936 
%CPU %MEM ARGS Mon Oct  5 01:59:56 UTC 2026
 0.0  0.0 grep --color=auto ./cli       0  2252
92.4  4.8 ./cli kernel images/4096x40   1 394936
  PID User     Command                         Swap      USS      PSS      RSS 
 8869 codespace /usr/bin/python3 /usr/bin/s        0    12040    12278    14528 
 8207 codespace ./cli kernel images/4096x40        0   393348   393444   394936 
%CPU %MEM ARGS Mon Oct  5 01:59:56 UTC 2026
 0.0  0.0 grep --color=auto ./cli       0  2248
92.0  4.8 ./cli kernel images/4096x40   0 394936
  PID User     Command                         Swap      USS      PSS      RSS 
 8880 codespace /usr/bin/python3 /usr/bin/s        0    12040    12281    14520 
 8207 codespace ./cli kernel images/4096x40        0   393348   393446   394936 
%CPU %MEM ARGS Mon Oct  5 01:59:56 UTC 2026
 0.0  0.0 grep --color=auto ./cli       1  2124
91.7  4.8 ./cli kernel images/4096x40   0 394936
  PID User     Command                         Swap      USS      PSS      RSS 
 8886 codespace /usr/bin/python3 /usr/bin/s        0    12072    12326    14568 
 8207 codespace ./cli kernel images/4096x40        0   393348   393446   394936 
%CPU %MEM ARGS Mon Oct  5 01:59:57 UTC 2026
 0.0  0.0 grep --color=auto ./cli       1  2176
91.2  4.8 ./cli kernel images/4096x40   0 394936
  PID User     Command                         Swap      USS      PSS      RSS 
 8896 codespace /usr/bin/python3 /usr/bin/s        0    12040    12282    14492 
 8207 codespace ./cli kernel images/4096x40        0   393348   393447   394936 
%CPU %MEM ARGS Mon Oct  5 01:59:57 UTC 2026
 0.0  0.0 grep --color=auto ./cli       0  2156
91.0  4.8 ./cli kernel images/4096x40   1 394936
  PID User     Command                         Swap      USS      PSS      RSS 
 8902 codespace /usr/bin/python3 /usr/bin/s        0    12040    12278    14464 
 8207 codespace ./cli kernel images/4096x40        0   393348   393447   394936 
%CPU %MEM ARGS Mon Oct  5 01:59:58 UTC 2026
 0.0  0.0 grep --color=auto ./cli       1  2164
90.6  4.8 ./cli kernel images/4096x40   1 394936
  PID User     Command                         Swap      USS      PSS      RSS 
 8907 codespace /usr/bin/python3 /usr/bin/s        0    12040    12275    14460 
 8207 codespace ./cli kernel images/4096x40        0   393348   393447   394936 
%CPU %MEM ARGS Mon Oct  5 01:59:58 UTC 2026
 0.0  0.0 grep --color=auto ./cli       1  2168
90.3  4.8 ./cli kernel images/4096x40   0 394936
  PID User     Command                         Swap      USS      PSS      RSS 
 8912 codespace /usr/bin/python3 /usr/bin/s        0    12040    12274    14460 
 8207 codespace ./cli kernel images/4096x40        0   393348   393447   394936 
%CPU %MEM ARGS Mon Oct  5 01:59:58 UTC 2026
 0.0  0.0 grep --color=auto ./cli       1  2204
89.8  4.8 ./cli kernel images/4096x40   1 394936
  PID User     Command                         Swap      USS      PSS      RSS 
 8921 codespace /usr/bin/python3 /usr/bin/s        0    12040    12279    14464 
 8207 codespace ./cli kernel images/4096x40        0   393348   393447   394936 
%CPU %MEM ARGS Mon Oct  5 01:59:59 UTC 2026
 0.0  0.0 grep --color=auto ./cli       1  2340
88.9  4.8 ./cli kernel images/4096x40   0 394936
  PID User     Command                         Swap      USS      PSS      RSS 
 8929 codespace /usr/bin/python3 /usr/bin/s        0    12044    12274    14464 
 8207 codespace ./cli kernel images/4096x40        0   393348   393446   394936 
%CPU %MEM ARGS Mon Oct  5 01:59:59 UTC 2026
 0.0  0.0 grep --color=auto ./cli       1  2208
88.6  4.8 ./cli kernel images/4096x40   0 394936
  PID User     Command                         Swap      USS      PSS      RSS 
 8935 codespace /usr/bin/python3 /usr/bin/s        0    12052    12303    14552 
 8207 codespace ./cli kernel images/4096x40        0   393348   393447   394936 
%CPU %MEM ARGS Mon Oct  5 02:00:00 UTC 2026
 0.0  0.0 grep --color=auto ./cli       0  2212
88.5  4.8 ./cli kernel images/4096x40   1 394936
  PID User     Command                         Swap      USS      PSS      RSS 
 8940 codespace /usr/bin/python3 /usr/bin/s        0    12052    12303    14552 
 8207 codespace ./cli kernel images/4096x40        0   393348   393447   394936 
%CPU %MEM ARGS Mon Oct  5 02:00:00 UTC 2026
 0.0  0.0 grep --color=auto ./cli       0  2248
87.9  4.8 ./cli kernel images/4096x40   1 394936
  PID User     Command                         Swap      USS      PSS      RSS 
 8963 codespace /usr/bin/python3 /usr/bin/s        0    12048    12280    14468 
 8207 codespace ./cli kernel images/4096x40        0   393348   393446   394936 
%CPU %MEM ARGS Mon Oct  5 02:00:01 UTC 2026
 0.0  0.0 grep --color=auto ./cli       0  2296
87.6  4.8 ./cli kernel images/4096x40   0 394936
  PID User     Command                         Swap      USS      PSS      RSS 
 8968 codespace /usr/bin/python3 /usr/bin/s        0    12040    12271    14492 
 8207 codespace ./cli kernel images/4096x40        0   393348   393446   394936 
%CPU %MEM ARGS Mon Oct  5 02:00:01 UTC 2026
 0.0  0.0 grep --color=auto ./cli       1  2176
87.4  4.8 ./cli kernel images/4096x40   0 394936
  PID User     Command                         Swap      USS      PSS      RSS 
 8973 codespace /usr/bin/python3 /usr/bin/s        0    12040    12271    14460 
 8207 codespace ./cli kernel images/4096x40        0   393348   393446   394936 
%CPU %MEM ARGS Mon Oct  5 02:00:01 UTC 2026
 0.0  0.0 grep --color=auto ./cli       0  2192
87.0  4.8 ./cli kernel images/4096x40   1 394936
  PID User     Command                         Swap      USS      PSS      RSS 
 8983 codespace /usr/bin/python3 /usr/bin/s        0    12052    12303    14552 
 8207 codespace ./cli kernel images/4096x40        0   393348   393447   394936 
%CPU %MEM ARGS Mon Oct  5 02:00:02 UTC 2026
 0.0  0.0 grep --color=auto ./cli       0  2192
86.8  4.8 ./cli kernel images/4096x40   1 394936
  PID User     Command                         Swap      USS      PSS      RSS 
 8990 codespace /usr/bin/python3 /usr/bin/s        0    12048    12292    14508 
 8207 codespace ./cli kernel images/4096x40        0   393348   393446   394936 
%CPU %MEM ARGS Mon Oct  5 02:00:02 UTC 2026
 0.0  0.0 grep --color=auto ./cli       0  2252
86.5  4.8 ./cli kernel images/4096x40   1 394936
  PID User     Command                         Swap      USS      PSS      RSS 
 9002 codespace /usr/bin/python3 /usr/bin/s        0    12052    12301    14552 
 8207 codespace ./cli kernel images/4096x40        0   393348   393447   394936 
%CPU %MEM ARGS Mon Oct  5 02:00:03 UTC 2026
 0.0  0.0 grep --color=auto ./cli       0  2172
86.1  4.8 ./cli kernel images/4096x40   1 394936
  PID User     Command                         Swap      USS      PSS      RSS 
 9007 codespace /usr/bin/python3 /usr/bin/s        0    12068    12314    14576 
 8207 codespace ./cli kernel images/4096x40        0   393348   393447   394936 
%CPU %MEM ARGS Mon Oct  5 02:00:03 UTC 2026
 0.0  0.0 grep --color=auto ./cli       0  2176
86.1  4.8 ./cli kernel images/4096x40   1 394936
  PID User     Command                         Swap      USS      PSS      RSS 
 9012 codespace /usr/bin/python3 /usr/bin/s        0    12040    12275    14460 
 8207 codespace ./cli kernel images/4096x40        0   393348   393447   394936 
%CPU %MEM ARGS Mon Oct  5 02:00:03 UTC 2026
 0.0  0.0 grep --color=auto ./cli       0  2200
85.7  4.8 ./cli kernel images/4096x40   0 394936
  PID User     Command                         Swap      USS      PSS      RSS 
 9018 codespace /usr/bin/python3 /usr/bin/s        0    12044    12287    14504 
 8207 codespace ./cli kernel images/4096x40        0   393348   393446   394936 
%CPU %MEM ARGS Mon Oct  5 02:00:04 UTC 2026
 0.0  0.0 grep --color=auto ./cli       1  2204
85.6  4.8 ./cli kernel images/4096x40   0 394936
  PID User     Command                         Swap      USS      PSS      RSS 
 9023 codespace /usr/bin/python3 /usr/bin/s        0    12040    12275    14460 
 8207 codespace ./cli kernel images/4096x40        0   393348   393447   394936 
%CPU %MEM ARGS Mon Oct  5 02:00:04 UTC 2026
 0.0  0.0 grep --color=auto ./cli       1  2288
85.3  4.8 ./cli kernel images/4096x40   0 394936
  PID User     Command                         Swap      USS      PSS      RSS 
 9029 codespace /usr/bin/python3 /usr/bin/s        0    12040    12267    14436 
 8207 codespace ./cli kernel images/4096x40        0   393348   393447   394936 
%CPU %MEM ARGS Mon Oct  5 02:00:05 UTC 2026
 0.0  0.0 grep --color=auto ./cli       1  2304
85.0  4.8 ./cli kernel images/4096x40   0 394936
  PID User     Command                         Swap      USS      PSS      RSS 
 9040 codespace /usr/bin/python3 /usr/bin/s        0    12040    12279    14496 
 8207 codespace ./cli kernel images/4096x40        0   393348   393446   394936 
%CPU %MEM ARGS Mon Oct  5 02:00:05 UTC 2026
 0.0  0.0 grep --color=auto ./cli       1  2156
84.9  4.8 ./cli kernel images/4096x40   0 394936
  PID User     Command                         Swap      USS      PSS      RSS 
 9045 codespace /usr/bin/python3 /usr/bin/s        0    12040    12282    14520 
 8207 codespace ./cli kernel images/4096x40        0   393348   393446   394936 
%CPU %MEM ARGS Mon Oct  5 02:00:05 UTC 2026
 0.0  0.0 grep --color=auto ./cli       1  2304
84.8  4.8 ./cli kernel images/4096x40   1 394936
  PID User     Command                         Swap      USS      PSS      RSS 
 9050 codespace /usr/bin/python3 /usr/bin/s        0    12040    12275    14460 
 8207 codespace ./cli kernel images/4096x40        0   393348   393447   394936 
%CPU %MEM ARGS Mon Oct  5 02:00:06 UTC 2026
 0.0  0.0 grep --color=auto ./cli       0  2180
84.6  4.8 ./cli kernel images/4096x40   1 394936
  PID User     Command                         Swap      USS      PSS      RSS 
 9056 codespace /usr/bin/python3 /usr/bin/s        0    12040    12279    14528 
 8207 codespace ./cli kernel images/4096x40        0   393348   393445   394936 
%CPU %MEM ARGS Mon Oct  5 02:00:06 UTC 2026
 0.0  0.0 grep --color=auto ./cli       1  2252
84.6  4.8 ./cli kernel images/4096x40   0 394936
  PID User     Command                         Swap      USS      PSS      RSS 
 9061 codespace /usr/bin/python3 /usr/bin/s        0    12040    12281    14512 
 8207 codespace ./cli kernel images/4096x40        0   393348   393446   394936 
%CPU %MEM ARGS Mon Oct  5 02:00:06 UTC 2026
 0.0  0.0 grep --color=auto ./cli       0  2176
84.5  4.8 ./cli kernel images/4096x40   1 394936
  PID User     Command                         Swap      USS      PSS      RSS 
 9067 codespace /usr/bin/python3 /usr/bin/s        0    12060    12310    14604 
 8207 codespace ./cli kernel images/4096x40        0   393348   393447   394936 
%CPU %MEM ARGS Mon Oct  5 02:00:07 UTC 2026
 0.0  0.0 grep --color=auto ./cli       1  2156
84.3  4.8 ./cli kernel images/4096x40   0 394936
  PID User     Command                         Swap      USS      PSS      RSS 
 9072 codespace /usr/bin/python3 /usr/bin/s        0    11984    12228    14456 
 8207 codespace ./cli kernel images/4096x40        0   393348   393446   394936 
%CPU %MEM ARGS Mon Oct  5 02:00:07 UTC 2026
 0.0  0.0 grep --color=auto ./cli       1  2156
84.1  4.8 ./cli kernel images/4096x40   0 394936
  PID User     Command                         Swap      USS      PSS      RSS 
 9083 codespace /usr/bin/python3 /usr/bin/s        0    12040    12273    14460 
 8207 codespace ./cli kernel images/4096x40        0   393348   393447   394936 
%CPU %MEM ARGS Mon Oct  5 02:00:07 UTC 2026
 0.0  0.0 grep --color=auto ./cli       0  2200
84.0  4.8 ./cli kernel images/4096x40   1 394936
  PID User     Command                         Swap      USS      PSS      RSS 
 9089 codespace /usr/bin/python3 /usr/bin/s        0    12036    12271    14456 
 8207 codespace ./cli kernel images/4096x40        0   393348   393447   394936 
%CPU %MEM ARGS Mon Oct  5 02:00:08 UTC 2026
 0.0  0.0 grep --color=auto ./cli       0  2288
83.8  4.8 ./cli kernel images/4096x40   1 394936
  PID User     Command                         Swap      USS      PSS      RSS 
 9094 codespace /usr/bin/python3 /usr/bin/s        0    12036    12245    14460 
 8207 codespace ./cli kernel images/4096x40        0   393348   393444   394936 
%CPU %MEM ARGS Mon Oct  5 02:00:08 UTC 2026
 0.0  0.0 grep --color=auto ./cli       1  2176
83.5  4.8 ./cli kernel images/4096x40   0 394936
  PID User     Command                         Swap      USS      PSS      RSS 
 9105 codespace /usr/bin/python3 /usr/bin/s        0    12048    12302    14604 
 8207 codespace ./cli kernel images/4096x40        0   393348   393447   394936 
%CPU %MEM ARGS Mon Oct  5 02:00:09 UTC 2026
 0.0  0.0 grep --color=auto ./cli       1  2164
83.4  4.8 ./cli kernel images/4096x40   0 394936
  PID User     Command                         Swap      USS      PSS      RSS 
 9111 codespace /usr/bin/python3 /usr/bin/s        0    12044    12296    14552 
 8207 codespace ./cli kernel images/4096x40        0   393348   393447   394936 
%CPU %MEM ARGS Mon Oct  5 02:00:09 UTC 2026
 0.0  0.0 grep --color=auto ./cli       0  2160
83.3  4.8 ./cli kernel images/4096x40   1 394936
  PID User     Command                         Swap      USS      PSS      RSS 
 9116 codespace /usr/bin/python3 /usr/bin/s        0    12040    12264    14436 
 8207 codespace ./cli kernel images/4096x40        0   393348   393447   394936 
%CPU %MEM ARGS Mon Oct  5 02:00:09 UTC 2026
 0.0  0.0 grep --color=auto ./cli       0  2176
83.1  4.8 ./cli kernel images/4096x40   1 394936
  PID User     Command                         Swap      USS      PSS      RSS 
 9122 codespace /usr/bin/python3 /usr/bin/s        0    12040    12272    14460 
 8207 codespace ./cli kernel images/4096x40        0   393348   393447   394936 
%CPU %MEM ARGS Mon Oct  5 02:00:10 UTC 2026
 0.0  0.0 grep --color=auto ./cli       1  2152
82.8  4.8 ./cli kernel images/4096x40   0 394936
  PID User     Command                         Swap      USS      PSS      RSS 
 9133 codespace /usr/bin/python3 /usr/bin/s        0    12040    12280    14496 
 8207 codespace ./cli kernel images/4096x40        0   393348   393446   394936 
%CPU %MEM ARGS Mon Oct  5 02:00:10 UTC 2026
 0.0  0.0 grep --color=auto ./cli       0  2304
82.7  4.8 ./cli kernel images/4096x40   1 394936
  PID User     Command                         Swap      USS      PSS      RSS 
 9138 codespace /usr/bin/python3 /usr/bin/s        0    12040    12276    14460 
 8207 codespace ./cli kernel images/4096x40        0   393348   393447   394936 
%CPU %MEM ARGS Mon Oct  5 02:00:11 UTC 2026
 0.0  0.0 grep --color=auto ./cli       0  2300
82.4  4.8 ./cli kernel images/4096x40   1 394936
  PID User     Command                         Swap      USS      PSS      RSS 
 9156 codespace /usr/bin/python3 /usr/bin/s        0    12048    12302    14604 
 8207 codespace ./cli kernel images/4096x40        0   393348   393447   394936 
%CPU %MEM ARGS Mon Oct  5 02:00:11 UTC 2026
 0.0  0.0 grep --color=auto ./cli       0  2196
82.3  4.8 ./cli kernel images/4096x40   1 394936
  PID User     Command                         Swap      USS      PSS      RSS 
 9167 codespace /usr/bin/python3 /usr/bin/s        0    12040    12280    14528 
 8207 codespace ./cli kernel images/4096x40        0   393348   393446   394936 
%CPU %MEM ARGS Mon Oct  5 02:00:11 UTC 2026
 0.0  0.0 grep --color=auto ./cli       1  2248
82.2  4.8 ./cli kernel images/4096x40   0 394936
  PID User     Command                         Swap      USS      PSS      RSS 
 9173 codespace /usr/bin/python3 /usr/bin/s        0    12072    12324    14520 
 8207 codespace ./cli kernel images/4096x40        0   393348   393446   394936 
%CPU %MEM ARGS Mon Oct  5 02:00:12 UTC 2026
 0.0  0.0 grep --color=auto ./cli       0  2168
82.0  4.8 ./cli kernel images/4096x40   1 394936
  PID User     Command                         Swap      USS      PSS      RSS 
 9178 codespace /usr/bin/python3 /usr/bin/s        0    12040    12287    14500 
 8207 codespace ./cli kernel images/4096x40        0   393348   393446   394936 
%CPU %MEM ARGS Mon Oct  5 02:00:12 UTC 2026
 0.0  0.0 grep --color=auto ./cli       1  2300
81.9  4.8 ./cli kernel images/4096x40   0 394936
  PID User     Command                         Swap      USS      PSS      RSS 
 9187 codespace /usr/bin/python3 /usr/bin/s        0    12040    12272    14460 
 8207 codespace ./cli kernel images/4096x40        0   393348   393447   394936 
%CPU %MEM ARGS Mon Oct  5 02:00:13 UTC 2026
 0.0  0.0 grep --color=auto ./cli       1  2156
81.8  4.8 ./cli kernel images/4096x40   0 394936
  PID User     Command                         Swap      USS      PSS      RSS 
 9195 codespace /usr/bin/python3 /usr/bin/s        0    12044    12285    14532 
 8207 codespace ./cli kernel images/4096x40        0   393348   393446   394936 
%CPU %MEM ARGS Mon Oct  5 02:00:13 UTC 2026
 0.0  0.0 grep --color=auto ./cli       0  2172
81.7  4.8 ./cli kernel images/4096x40   1 394936
  PID User     Command                         Swap      USS      PSS      RSS 
 9200 codespace /usr/bin/python3 /usr/bin/s        0    12040    12282    14500 
 8207 codespace ./cli kernel images/4096x40        0   393348   393446   394936 
%CPU %MEM ARGS Mon Oct  5 02:00:13 UTC 2026
 0.0  0.0 grep --color=auto ./cli       1  2156
81.5  4.8 ./cli kernel images/4096x40   0 394936
  PID User     Command                         Swap      USS      PSS      RSS 
 9212 codespace /usr/bin/python3 /usr/bin/s        0    12036    12240    14480 
 8207 codespace ./cli kernel images/4096x40        0   393348   393443   394936 
%CPU %MEM ARGS Mon Oct  5 02:00:14 UTC 2026
 0.0  0.0 grep --color=auto ./cli       1  2304
81.4  4.8 ./cli kernel images/4096x40   0 394936
  PID User     Command                         Swap      USS      PSS      RSS 
 9217 codespace /usr/bin/python3 /usr/bin/s        0    12040    12283    14512 
 8207 codespace ./cli kernel images/4096x40        0   393348   393446   394936 
%CPU %MEM ARGS Mon Oct  5 02:00:14 UTC 2026
 0.0  0.0 grep --color=auto ./cli       1  2344
81.2  4.8 ./cli kernel images/4096x40   0 394936
  PID User     Command                         Swap      USS      PSS      RSS 
 9222 codespace /usr/bin/python3 /usr/bin/s        0    12060    12310    14604 
 8207 codespace ./cli kernel images/4096x40        0   393348   393447   394936 
%CPU %MEM ARGS Mon Oct  5 02:00:14 UTC 2026
 0.0  0.0 grep --color=auto ./cli       0  2304
81.2  4.8 ./cli kernel images/4096x40   1 394936
  PID User     Command                         Swap      USS      PSS      RSS 
 9228 codespace /usr/bin/python3 /usr/bin/s        0    12072    12312    14528 
 8207 codespace ./cli kernel images/4096x40        0   393348   393446   394936 
%CPU %MEM ARGS Mon Oct  5 02:00:15 UTC 2026
 0.0  0.0 grep --color=auto ./cli       1  2212
81.0  4.8 ./cli kernel images/4096x40   0 394936
  PID User     Command                         Swap      USS      PSS      RSS 
 9233 codespace /usr/bin/python3 /usr/bin/s        0    12044    12286    14496 
 8207 codespace ./cli kernel images/4096x40        0   393348   393447   394936 
%CPU %MEM ARGS Mon Oct  5 02:00:15 UTC 2026
 0.0  0.0 grep --color=auto ./cli       1  2192
80.9  4.8 ./cli kernel images/4096x40   0 394936
  PID User     Command                         Swap      USS      PSS      RSS 
 9244 codespace /usr/bin/python3 /usr/bin/s        0    12052    12303    14552 
 8207 codespace ./cli kernel images/4096x40        0   393348   393447   394936 
%CPU %MEM ARGS Mon Oct  5 02:00:16 UTC 2026
 0.0  0.0 grep --color=auto ./cli       1  2212
80.8  4.8 ./cli kernel images/4096x40   0 394936
  PID User     Command                         Swap      USS      PSS      RSS 
 9250 codespace /usr/bin/python3 /usr/bin/s        0    12040    12281    14520 
 8207 codespace ./cli kernel images/4096x40        0   393348   393446   394936 
%CPU %MEM ARGS Mon Oct  5 02:00:16 UTC 2026
 0.0  0.0 grep --color=auto ./cli       1  2180
80.8  4.8 ./cli kernel images/4096x40   0 394936
  PID User     Command                         Swap      USS      PSS      RSS 
 9255 codespace /usr/bin/python3 /usr/bin/s        0    12040    12278    14464 
 8207 codespace ./cli kernel images/4096x40        0   393348   393447   394936 
%CPU %MEM ARGS Mon Oct  5 02:00:16 UTC 2026
 0.0  0.0 grep --color=auto ./cli       1  2252
80.7  4.8 ./cli kernel images/4096x40   1 394936
  PID User     Command                         Swap      USS      PSS      RSS 
 9261 codespace /usr/bin/python3 /usr/bin/s        0    12044    12297    14552 
 8207 codespace ./cli kernel images/4096x40        0   393348   393447   394936 
%CPU %MEM ARGS Mon Oct  5 02:00:17 UTC 2026
 0.0  0.0 grep --color=auto ./cli       1  2212
80.7  4.8 ./cli kernel images/4096x40   0 394936
  PID User     Command                         Swap      USS      PSS      RSS 
 9266 codespace /usr/bin/python3 /usr/bin/s        0    12040    12279    14524 
 8207 codespace ./cli kernel images/4096x40        0   393348   393446   394936 
%CPU %MEM ARGS Mon Oct  5 02:00:17 UTC 2026
 0.0  0.0 grep --color=auto ./cli       0  2184
80.6  4.8 ./cli kernel images/4096x40   1 394936
  PID User     Command                         Swap      USS      PSS      RSS 
 9271 codespace /usr/bin/python3 /usr/bin/s        0    12040    12279    14460 
 8207 codespace ./cli kernel images/4096x40        0   393348   393447   394936 
%CPU %MEM ARGS Mon Oct  5 02:00:17 UTC 2026
 0.0  0.0 grep --color=auto ./cli       0  2296
80.6  4.8 ./cli kernel images/4096x40   1 394936
  PID User     Command                         Swap      USS      PSS      RSS 
 9277 codespace /usr/bin/python3 /usr/bin/s        0    12016    12267    14516 
 8207 codespace ./cli kernel images/4096x40        0   393348   393447   394936 
%CPU %MEM ARGS Mon Oct  5 02:00:18 UTC 2026
 0.0  0.0 grep --color=auto ./cli       1  2152
80.5  4.8 ./cli kernel images/4096x40   1 394936
  PID User     Command                         Swap      USS      PSS      RSS 
 9283 codespace /usr/bin/python3 /usr/bin/s        0    12032    12265    14452 
 8207 codespace ./cli kernel images/4096x40        0   393348   393447   394936 
%CPU %MEM ARGS Mon Oct  5 02:00:18 UTC 2026
 0.0  0.0 grep --color=auto ./cli       1  2208
80.3  4.8 ./cli kernel images/4096x40   1 394936
  PID User     Command                         Swap      USS      PSS      RSS 
 9293 codespace /usr/bin/python3 /usr/bin/s        0    12044    12284    14500 
 8207 codespace ./cli kernel images/4096x40        0   393348   393446   394936 
%CPU %MEM ARGS Mon Oct  5 02:00:19 UTC 2026
 0.0  0.0 grep --color=auto ./cli       0  2160
80.1  4.8 ./cli kernel images/4096x40   1 394936
  PID User     Command                         Swap      USS      PSS      RSS 
 9299 codespace /usr/bin/python3 /usr/bin/s        0    12040    12274    14460 
 8207 codespace ./cli kernel images/4096x40        0   393348   393447   394936 
%CPU %MEM ARGS Mon Oct  5 02:00:19 UTC 2026
 0.0  0.0 grep --color=auto ./cli       0  2180
80.1  4.8 ./cli kernel images/4096x40   1 394936
  PID User     Command                         Swap      USS      PSS      RSS 
 9304 codespace /usr/bin/python3 /usr/bin/s        0    12044    12253    14468 
 8207 codespace ./cli kernel images/4096x40        0   393348   393444   394936 
%CPU %MEM ARGS Mon Oct  5 02:00:19 UTC 2026
 0.0  0.0 grep --color=auto ./cli       1  2156
79.9  4.8 ./cli kernel images/4096x40   1 394936
  PID User     Command                         Swap      USS      PSS      RSS 
 9316 codespace /usr/bin/python3 /usr/bin/s        0    12040    12283    14496 
 8207 codespace ./cli kernel images/4096x40        0   393348   393446   394936 
%CPU %MEM ARGS Mon Oct  5 02:00:20 UTC 2026
 0.0  0.0 grep --color=auto ./cli       1  2204
79.8  4.8 ./cli kernel images/4096x40   1 394936
  PID User     Command                         Swap      USS      PSS      RSS 
 9321 codespace /usr/bin/python3 /usr/bin/s        0    12012    12253    14484 
 8207 codespace ./cli kernel images/4096x40        0   393348   393446   394936 
%CPU %MEM ARGS Mon Oct  5 02:00:20 UTC 2026
 0.0  0.0 grep --color=auto ./cli       1  2248
79.7  4.8 ./cli kernel images/4096x40   0 394936
  PID User     Command                         Swap      USS      PSS      RSS 
 9326 codespace /usr/bin/python3 /usr/bin/s        0    12060    12308    14604 
 8207 codespace ./cli kernel images/4096x40        0   393348   393447   394936 
%CPU %MEM ARGS Mon Oct  5 02:00:21 UTC 2026
 0.0  0.0 grep --color=auto ./cli       1  2176
79.5  4.8 ./cli kernel images/4096x40   0 394936
  PID User     Command                         Swap      USS      PSS      RSS 
 9338 codespace /usr/bin/python3 /usr/bin/s        0    12044    12283    14532 
 8207 codespace ./cli kernel images/4096x40        0   393348   393445   394936 
%CPU %MEM ARGS Mon Oct  5 02:00:21 UTC 2026
 0.0  0.0 grep --color=auto ./cli       0  2200
79.3  4.8 ./cli kernel images/4096x40   0 394936
  PID User     Command                         Swap      USS      PSS      RSS 
 9361 codespace /usr/bin/python3 /usr/bin/s        0    12076    12330    14572 
 8207 codespace ./cli kernel images/4096x40        0   393348   393446   394936 
%CPU %MEM ARGS Mon Oct  5 02:00:22 UTC 2026
 0.0  0.0 grep --color=auto ./cli       0  2204
79.2  4.8 ./cli kernel images/4096x40   1 394936
  PID User     Command                         Swap      USS      PSS      RSS 
 9367 codespace /usr/bin/python3 /usr/bin/s        0    12068    12313    14576 
 8207 codespace ./cli kernel images/4096x40        0   393348   393447   394936 
%CPU %MEM ARGS Mon Oct  5 02:00:22 UTC 2026
 0.0  0.0 grep --color=auto ./cli       1  2252
79.1  4.8 ./cli kernel images/4096x40   0 394936
  PID User     Command                         Swap      USS      PSS      RSS 
 9372 codespace /usr/bin/python3 /usr/bin/s        0    12040    12266    14436 
 8207 codespace ./cli kernel images/4096x40        0   393348   393447   394936 
%CPU %MEM ARGS Mon Oct  5 02:00:22 UTC 2026
 0.0  0.0 grep --color=auto ./cli       1  2196
79.0  4.8 ./cli kernel images/4096x40   0 394936
  PID User     Command                         Swap      USS      PSS      RSS 
 9378 codespace /usr/bin/python3 /usr/bin/s        0    12044    12286    14496 
 8207 codespace ./cli kernel images/4096x40        0   393348   393447   394936 
%CPU %MEM ARGS Mon Oct  5 02:00:23 UTC 2026
 0.0  0.0 grep --color=auto ./cli       0  2248
79.0  4.8 ./cli kernel images/4096x40   1 394936
  PID User     Command                         Swap      USS      PSS      RSS 
 9383 codespace /usr/bin/python3 /usr/bin/s        0    12044    12277    14464 
 8207 codespace ./cli kernel images/4096x40        0   393348   393447   394936 
%CPU %MEM ARGS Mon Oct  5 02:00:23 UTC 2026
 0.0  0.0 grep --color=auto ./cli       1  2164
78.8  4.8 ./cli kernel images/4096x40   1 394936
  PID User     Command                         Swap      USS      PSS      RSS 
 9392 codespace /usr/bin/python3 /usr/bin/s        0    12040    12282    14512 
 8207 codespace ./cli kernel images/4096x40        0   393348   393446   394936 
%CPU %MEM ARGS Mon Oct  5 02:00:24 UTC 2026
 0.0  0.0 grep --color=auto ./cli       0  2196
78.7  4.8 ./cli kernel images/4096x40   1 394936
  PID User     Command                         Swap      USS      PSS      RSS 
 9400 codespace /usr/bin/python3 /usr/bin/s        0    12068    12313    14576 
 8207 codespace ./cli kernel images/4096x40        0   393348   393447   394936 
%CPU %MEM ARGS Mon Oct  5 02:00:24 UTC 2026
 0.0  0.0 grep --color=auto ./cli       0  2184
78.6  4.8 ./cli kernel images/4096x40   0 394936
  PID User     Command                         Swap      USS      PSS      RSS 
 9405 codespace /usr/bin/python3 /usr/bin/s        0    12040    12270    14460 
 8207 codespace ./cli kernel images/4096x40        0   393348   393446   394936 
%CPU %MEM ARGS Mon Oct  5 02:00:25 UTC 2026
 0.0  0.0 grep --color=auto ./cli       0  2340
78.4  4.8 ./cli kernel images/4096x40   0 394936
  PID User     Command                         Swap      USS      PSS      RSS 
 9413 codespace /usr/bin/python3 /usr/bin/s        0    12096    12317    14644 
 8207 codespace ./cli kernel images/4096x40        0   393348   393444   394936 
%CPU %MEM ARGS Mon Oct  5 02:00:25 UTC 2026
 0.0  0.0 grep --color=auto ./cli       0  2344
78.2  4.8 ./cli kernel images/4096x40   1 394936
  PID User     Command                         Swap      USS      PSS      RSS 
 9423 codespace /usr/bin/python3 /usr/bin/s        0    12040    12282    14496 
 8207 codespace ./cli kernel images/4096x40        0   393348   393446   394936 
%CPU %MEM ARGS Mon Oct  5 02:00:25 UTC 2026
 0.0  0.0 grep --color=auto ./cli       0  2160
78.2  4.8 ./cli kernel images/4096x40   1 394936
  PID User     Command                         Swap      USS      PSS      RSS 
 9428 codespace /usr/bin/python3 /usr/bin/s        0    12060    12310    14604 
 8207 codespace ./cli kernel images/4096x40        0   393348   393447   394936 
%CPU %MEM ARGS Mon Oct  5 02:00:26 UTC 2026
 0.0  0.0 grep --color=auto ./cli       1  2300
78.0  4.8 ./cli kernel images/4096x40   1 394936
  PID User     Command                         Swap      USS      PSS      RSS 
 9434 codespace /usr/bin/python3 /usr/bin/s        0    12040    12281    14496 
 8207 codespace ./cli kernel images/4096x40        0   393348   393446   394936 
%CPU %MEM ARGS Mon Oct  5 02:00:26 UTC 2026
 0.0  0.0 grep --color=auto ./cli       1  2180
78.0  4.8 ./cli kernel images/4096x40   0 394936
  PID User     Command                         Swap      USS      PSS      RSS 
 9439 codespace /usr/bin/python3 /usr/bin/s        0    12044    12285    14496 
 8207 codespace ./cli kernel images/4096x40        0   393348   393447   394936 
%CPU %MEM ARGS Mon Oct  5 02:00:26 UTC 2026
 0.0  0.0 grep --color=auto ./cli       0  2196
77.9  4.8 ./cli kernel images/4096x40   0 394936
  PID User     Command                         Swap      USS      PSS      RSS 
 9451 codespace /usr/bin/python3 /usr/bin/s        0    12044    12286    14504 
 8207 codespace ./cli kernel images/4096x40        0   393348   393446   394936 
%CPU %MEM ARGS Mon Oct  5 02:00:27 UTC 2026
 0.0  0.0 grep --color=auto ./cli       1  2292
77.9  4.8 ./cli kernel images/4096x40   0 394936
  PID User     Command                         Swap      USS      PSS      RSS 
 9456 codespace /usr/bin/python3 /usr/bin/s        0    12040    12275    14460 
 8207 codespace ./cli kernel images/4096x40        0   393348   393447   394936 
%CPU %MEM ARGS Mon Oct  5 02:00:27 UTC 2026
 0.0  0.0 grep --color=auto ./cli       1  2304
77.9  4.8 ./cli kernel images/4096x40   0 394936
  PID User     Command                         Swap      USS      PSS      RSS 
 9461 codespace /usr/bin/python3 /usr/bin/s        0    12040    12285    14512 
 8207 codespace ./cli kernel images/4096x40        0   393348   393446   394936 
%CPU %MEM ARGS Mon Oct  5 02:00:28 UTC 2026
 0.0  0.0 grep --color=auto ./cli       1  2300
77.8  4.8 ./cli kernel images/4096x40   1 394936
  PID User     Command                         Swap      USS      PSS      RSS 
 9467 codespace /usr/bin/python3 /usr/bin/s        0    12060    12295    14480 
 8207 codespace ./cli kernel images/4096x40        0   393348   393447   394936 
%CPU %MEM ARGS Mon Oct  5 02:00:28 UTC 2026
 0.0  0.0 grep --color=auto ./cli       1  2296
77.7  4.8 ./cli kernel images/4096x40   0 394936
  PID User     Command                         Swap      USS      PSS      RSS 
 9472 codespace /usr/bin/python3 /usr/bin/s        0    12040    12274    14460 
 8207 codespace ./cli kernel images/4096x40        0   393348   393447   394936 
%CPU %MEM ARGS Mon Oct  5 02:00:28 UTC 2026
 0.0  0.0 grep --color=auto ./cli       1  2288
77.7  4.8 ./cli kernel images/4096x40   1 394936
  PID User     Command                         Swap      USS      PSS      RSS 
 9478 codespace /usr/bin/python3 /usr/bin/s        0    12044    12282    14524 
 8207 codespace ./cli kernel images/4096x40        0   393348   393445   394936 
%CPU %MEM ARGS Mon Oct  5 02:00:29 UTC 2026
 0.0  0.0 grep --color=auto ./cli       1  2196
77.6  4.8 ./cli kernel images/4096x40   0 394936
  PID User     Command                         Swap      USS      PSS      RSS 
 9484 codespace /usr/bin/python3 /usr/bin/s        0    12024    12268    14532 
 8207 codespace ./cli kernel images/4096x40        0   393348   393447   394936 
%CPU %MEM ARGS Mon Oct  5 02:00:29 UTC 2026
 0.0  0.0 grep --color=auto ./cli       0  2160
77.5  4.8 ./cli kernel images/4096x40   0 394936
  PID User     Command                         Swap      USS      PSS      RSS 
 9494 codespace /usr/bin/python3 /usr/bin/s        0    12076    12329    14572 
 8207 codespace ./cli kernel images/4096x40        0   393348   393446   394936 
%CPU %MEM ARGS Mon Oct  5 02:00:30 UTC 2026
 0.0  0.0 grep --color=auto ./cli       0  2300
77.4  4.8 ./cli kernel images/4096x40   1 394936
  PID User     Command                         Swap      USS      PSS      RSS 
 9500 codespace /usr/bin/python3 /usr/bin/s        0    12044    12274    14472 
 8207 codespace ./cli kernel images/4096x40        0   393348   393446   394936 
%CPU %MEM ARGS Mon Oct  5 02:00:30 UTC 2026
 0.0  0.0 grep --color=auto ./cli       1  2172
77.3  4.8 ./cli kernel images/4096x40   0 394936
  PID User     Command                         Swap      USS      PSS      RSS 
 9505 codespace /usr/bin/python3 /usr/bin/s        0    12036    12245    14460 
 8207 codespace ./cli kernel images/4096x40        0   393348   393444   394936 
%CPU %MEM ARGS Mon Oct  5 02:00:31 UTC 2026
 0.0  0.0 grep --color=auto ./cli       1  2212
77.1  4.8 ./cli kernel images/4096x40   0 394936
  PID User     Command                         Swap      USS      PSS      RSS 
 9517 codespace /usr/bin/python3 /usr/bin/s        0    12040    12274    14460 
 8207 codespace ./cli kernel images/4096x40        0   393348   393447   394936 
%CPU %MEM ARGS Mon Oct  5 02:00:31 UTC 2026
 0.0  0.0 grep --color=auto ./cli       0  2180
77.0  4.8 ./cli kernel images/4096x40   1 394936
  PID User     Command                         Swap      USS      PSS      RSS 
 9522 codespace /usr/bin/python3 /usr/bin/s        0    12040    12271    14420 
 8207 codespace ./cli kernel images/4096x40        0   393348   393447   394936 
%CPU %MEM ARGS Mon Oct  5 02:00:32 UTC 2026
 0.0  0.0 grep --color=auto ./cli       1  2252
76.8  4.8 ./cli kernel images/4096x40   0 394936
  PID User     Command                         Swap      USS      PSS      RSS 
 9546 codespace /usr/bin/python3 /usr/bin/s        0    12040    12280    14528 
 8207 codespace ./cli kernel images/4096x40        0   393348   393445   394936 
%CPU %MEM ARGS Mon Oct  5 02:00:32 UTC 2026
 0.0  0.0 grep --color=auto ./cli       1  2340
76.7  4.8 ./cli kernel images/4096x40   0 394936
  PID User     Command                         Swap      USS      PSS      RSS 
 9557 codespace /usr/bin/python3 /usr/bin/s        0    12040    12280    14528 
 8207 codespace ./cli kernel images/4096x40        0   393348   393445   394936 
%CPU %MEM ARGS Mon Oct  5 02:00:32 UTC 2026
 0.0  0.0 grep --color=auto ./cli       1  2304
76.6  4.8 ./cli kernel images/4096x40   0 394936
  PID User     Command                         Swap      USS      PSS      RSS 
 9563 codespace /usr/bin/python3 /usr/bin/s        0    12048    12300    14600 
 8207 codespace ./cli kernel images/4096x40        0   393348   393447   394936 
%CPU %MEM ARGS Mon Oct  5 02:00:33 UTC 2026
 0.0  0.0 grep --color=auto ./cli       0  2200
76.6  4.8 ./cli kernel images/4096x40   0 394936
  PID User     Command                         Swap      USS      PSS      RSS 
 9568 codespace /usr/bin/python3 /usr/bin/s        0    12052    12304    14604 
 8207 codespace ./cli kernel images/4096x40        0   393348   393447   394936 
%CPU %MEM ARGS Mon Oct  5 02:00:33 UTC 2026
 0.0  0.0 grep --color=auto ./cli       1  2304
76.5  4.8 ./cli kernel images/4096x40   0 394936
  PID User     Command                         Swap      USS      PSS      RSS 
 9573 codespace /usr/bin/python3 /usr/bin/s        0    12044    12285    14496 
 8207 codespace ./cli kernel images/4096x40        0   393348   393447   394936 
%CPU %MEM ARGS Mon Oct  5 02:00:34 UTC 2026
 0.0  0.0 grep --color=auto ./cli       1  2180
76.4  4.8 ./cli kernel images/4096x40   0 394936
  PID User     Command                         Swap      USS      PSS      RSS 
 9579 codespace /usr/bin/python3 /usr/bin/s        0    12040    12281    14528 
 8207 codespace ./cli kernel images/4096x40        0   393348   393446   394936 
%CPU %MEM ARGS Mon Oct  5 02:00:34 UTC 2026
 0.0  0.0 grep --color=auto ./cli       0  2196
76.4  4.8 ./cli kernel images/4096x40   1 394936
  PID User     Command                         Swap      USS      PSS      RSS 
 9584 codespace /usr/bin/python3 /usr/bin/s        0    12044    12279    14464 
 8207 codespace ./cli kernel images/4096x40        0   393348   393447   394936 
%CPU %MEM ARGS Mon Oct  5 02:00:35 UTC 2026
 0.0  0.0 grep --color=auto ./cli       1  2208
76.3  4.8 ./cli kernel images/4096x40   1 394936
  PID User     Command                         Swap      USS      PSS      RSS 
 9593 codespace /usr/bin/python3 /usr/bin/s        0    12052    12300    14552 
 8207 codespace ./cli kernel images/4096x40        0   393348   393447   394936 
%CPU %MEM ARGS Mon Oct  5 02:00:35 UTC 2026
 0.0  0.0 grep --color=auto ./cli       1  2248
76.3  4.8 ./cli kernel images/4096x40   1 394936
  PID User     Command                         Swap      USS      PSS      RSS 
 9601 codespace /usr/bin/python3 /usr/bin/s        0    12040    12278    14524 
 8207 codespace ./cli kernel images/4096x40        0   393348   393445   394936 
%CPU %MEM ARGS Mon Oct  5 02:00:36 UTC 2026
 0.0  0.0 grep --color=auto ./cli       0  2156
76.1  4.8 ./cli kernel images/4096x40   0 394936
  PID User     Command                         Swap      USS      PSS      RSS 
 9607 codespace /usr/bin/python3 /usr/bin/s        0    12040    12280    14520 
 8207 codespace ./cli kernel images/4096x40        0   393348   393446   394936 
%CPU %MEM ARGS Mon Oct  5 02:00:36 UTC 2026
 0.0  0.0 grep --color=auto ./cli       1  2304
75.7  4.8 ./cli kernel images/4096x40   1 394936
  PID User     Command                         Swap      USS      PSS      RSS 
 9618 codespace /usr/bin/python3 /usr/bin/s        0    12040    12280    14528 
 8207 codespace ./cli kernel images/4096x40        0   393348   393446   394936 
%CPU %MEM ARGS Mon Oct  5 02:00:37 UTC 2026
 0.0  0.0 grep --color=auto ./cli       0  2260
75.6  4.8 ./cli kernel images/4096x40   1 394936
  PID User     Command                         Swap      USS      PSS      RSS 
 9624 codespace /usr/bin/python3 /usr/bin/s        0    12040    12287    14500 
 8207 codespace ./cli kernel images/4096x40        0   393348   393446   394936 
%CPU %MEM ARGS Mon Oct  5 02:00:37 UTC 2026
 0.0  0.0 grep --color=auto ./cli       1  2160
75.5  4.8 ./cli kernel images/4096x40   1 394936
  PID User     Command                         Swap      USS      PSS      RSS 
 9629 codespace /usr/bin/python3 /usr/bin/s        0    12044    12286    14524 
 8207 codespace ./cli kernel images/4096x40        0   393348   393446   394936 
%CPU %MEM ARGS Mon Oct  5 02:00:38 UTC 2026
 0.0  0.0 grep --color=auto ./cli       0  2196
75.2  4.8 ./cli kernel images/4096x40   0 394936
  PID User     Command                         Swap      USS      PSS      RSS 
 9641 codespace /usr/bin/python3 /usr/bin/s        0    12040    12283    14500 
 8207 codespace ./cli kernel images/4096x40        0   393348   393446   394936 
%CPU %MEM ARGS Mon Oct  5 02:00:38 UTC 2026
 0.0  0.0 grep --color=auto ./cli       1  2348
74.9  4.8 ./cli kernel images/4096x40   1 394936
  PID User     Command                         Swap      USS      PSS      RSS 
 9646 codespace /usr/bin/python3 /usr/bin/s        0    12020    12258    14444 
 8207 codespace ./cli kernel images/4096x40        0   393348   393447   394936 
%CPU %MEM ARGS Mon Oct  5 02:00:39 UTC 2026
 0.0  0.0 grep --color=auto ./cli       0  2172
74.8  4.8 ./cli kernel images/4096x40   0 394936
  PID User     Command                         Swap      USS      PSS      RSS 
 9652 codespace /usr/bin/python3 /usr/bin/s        0    12040    12272    14460 
 8207 codespace ./cli kernel images/4096x40        0   393348   393447   394936 
%CPU %MEM ARGS Mon Oct  5 02:00:39 UTC 2026
 0.0  0.0 grep --color=auto ./cli       1  2304
74.8  4.8 ./cli kernel images/4096x40   1 394936
  PID User     Command                         Swap      USS      PSS      RSS 
 9657 codespace /usr/bin/python3 /usr/bin/s        0    12024    12268    14532 
 8207 codespace ./cli kernel images/4096x40        0   393348   393447   394936 
%CPU %MEM ARGS Mon Oct  5 02:00:40 UTC 2026
 0.0  0.0 grep --color=auto ./cli       0  2344
74.5  4.8 ./cli kernel images/4096x40   1 394936
  PID User     Command                         Swap      USS      PSS      RSS 
 9663 codespace /usr/bin/python3 /usr/bin/s        0    12076    12329    14572 
 8207 codespace ./cli kernel images/4096x40        0   393348   393446   394936 
%CPU %MEM ARGS Mon Oct  5 02:00:40 UTC 2026
 0.0  0.0 grep --color=auto ./cli       0  2296
74.3  4.8 ./cli kernel images/4096x40   0 394936
  PID User     Command                         Swap      USS      PSS      RSS 
 9668 codespace /usr/bin/python3 /usr/bin/s        0    12044    12286    14496 
 8207 codespace ./cli kernel images/4096x40        0   393348   393447   394936 
%CPU %MEM ARGS Mon Oct  5 02:00:41 UTC 2026
 0.0  0.0 grep --color=auto ./cli       0  2344
74.0  4.8 ./cli kernel images/4096x40   1 394936
  PID User     Command                         Swap      USS      PSS      RSS 
 9680 codespace /usr/bin/python3 /usr/bin/s        0    12068    12314    14576 
 8207 codespace ./cli kernel images/4096x40        0   393348   393447   394936 
%CPU %MEM ARGS Mon Oct  5 02:00:41 UTC 2026
 0.0  0.0 grep --color=auto ./cli       0  2152
73.9  4.8 ./cli kernel images/4096x40   1 394936
  PID User     Command                         Swap      USS      PSS      RSS 
 9685 codespace /usr/bin/python3 /usr/bin/s        0    12036    12270    14456 
 8207 codespace ./cli kernel images/4096x40        0   393348   393447   394936 
%CPU %MEM ARGS Mon Oct  5 02:00:42 UTC 2026
 0.0  0.0 grep --color=auto ./cli       0  2156
73.8  4.8 ./cli kernel images/4096x40   0 394936
  PID User     Command                         Swap      USS      PSS      RSS 
 9697 codespace /usr/bin/python3 /usr/bin/s        0    12056    12306    14600 
 8207 codespace ./cli kernel images/4096x40        0   393348   393447   394936 
%CPU %MEM ARGS Mon Oct  5 02:00:42 UTC 2026
 0.0  0.0 grep --color=auto ./cli       1  2160
73.6  4.8 ./cli kernel images/4096x40   0 394936
  PID User     Command                         Swap      USS      PSS      RSS 
 9720 codespace /usr/bin/python3 /usr/bin/s        0    12008    12242    14428 
 8207 codespace ./cli kernel images/4096x40        0   393348   393447   394936 
%CPU %MEM ARGS Mon Oct  5 02:00:43 UTC 2026
 0.0  0.0 grep --color=auto ./cli       0  2176
73.6  4.8 ./cli kernel images/4096x40   1 394936
  PID User     Command                         Swap      USS      PSS      RSS 
 9726 codespace /usr/bin/python3 /usr/bin/s        0    12044    12282    14496 
 8207 codespace ./cli kernel images/4096x40        0   393348   393447   394936 
%CPU %MEM ARGS Mon Oct  5 02:00:43 UTC 2026
 0.0  0.0 grep --color=auto ./cli       1  2292
73.5  4.8 ./cli kernel images/4096x40   1 394936
  PID User     Command                         Swap      USS      PSS      RSS 
 9731 codespace /usr/bin/python3 /usr/bin/s        0    12040    12245    14460 
 8207 codespace ./cli kernel images/4096x40        0   393348   393439   394936 
%CPU %MEM ARGS Mon Oct  5 02:00:44 UTC 2026
 0.0  0.0 grep --color=auto ./cli       0  2152
73.4  4.8 ./cli kernel images/4096x40   1 394936
  PID User     Command                         Swap      USS      PSS      RSS 
 9743 codespace /usr/bin/python3 /usr/bin/s        0    12040    12271    14460 
 8207 codespace ./cli kernel images/4096x40        0   393348   393446   394936 
%CPU %MEM ARGS Mon Oct  5 02:00:44 UTC 2026
 0.0  0.0 grep --color=auto ./cli       0  2212
73.4  4.8 ./cli kernel images/4096x40   1 394936
  PID User     Command                         Swap      USS      PSS      RSS 
 9748 codespace /usr/bin/python3 /usr/bin/s        0    12048    12290    14500 
 8207 codespace ./cli kernel images/4096x40        0   393348   393447   394936 
%CPU %MEM ARGS Mon Oct  5 02:00:44 UTC 2026
 0.0  0.0 grep --color=auto ./cli       1  2200
73.3  4.8 ./cli kernel images/4096x40   0 394936
  PID User     Command                         Swap      USS      PSS      RSS 
 9753 codespace /usr/bin/python3 /usr/bin/s        0    12040    12279    14520 
 8207 codespace ./cli kernel images/4096x40        0   393348   393446   394936 
%CPU %MEM ARGS Mon Oct  5 02:00:45 UTC 2026
 0.0  0.0 grep --color=auto ./cli       0  2248
73.1  4.8 ./cli kernel images/4096x40   0 394936
  PID User     Command                         Swap      USS      PSS      RSS 
 9759 codespace /usr/bin/python3 /usr/bin/s        0    12040    12286    14500 
 8207 codespace ./cli kernel images/4096x40        0   393348   393446   394936 
%CPU %MEM ARGS Mon Oct  5 02:00:45 UTC 2026
 0.0  0.0 grep --color=auto ./cli       0  2184
72.8  4.8 ./cli kernel images/4096x40   0 394936
  PID User     Command                         Swap      USS      PSS      RSS 
 9764 codespace /usr/bin/python3 /usr/bin/s        0    12040    12279    14460 
 8207 codespace ./cli kernel images/4096x40        0   393348   393447   394936 
%CPU %MEM ARGS Mon Oct  5 02:00:46 UTC 2026
 0.0  0.0 grep --color=auto ./cli       0  2208
72.5  4.8 ./cli kernel images/4096x40   1 394936
  PID User     Command                         Swap      USS      PSS      RSS 
 9770 codespace /usr/bin/python3 /usr/bin/s        0    12044    12289    14504 
 8207 codespace ./cli kernel images/4096x40        0   393348   393446   394936 
%CPU %MEM ARGS Mon Oct  5 02:00:47 UTC 2026
 0.0  0.0 grep --color=auto ./cli       0  2160
72.3  4.8 ./cli kernel images/4096x40   0 394936
  PID User     Command                         Swap      USS      PSS      RSS 
 9782 codespace /usr/bin/python3 /usr/bin/s        0    12052    12303    14552 
 8207 codespace ./cli kernel images/4096x40        0   393348   393447   394936 
%CPU %MEM ARGS Mon Oct  5 02:00:47 UTC 2026
 0.0  0.0 grep --color=auto ./cli       1  2168
72.1  4.8 ./cli kernel images/4096x40   0 394936
  PID User     Command                         Swap      USS      PSS      RSS 
 9787 codespace /usr/bin/python3 /usr/bin/s        0    12036    12248    14460 
 8207 codespace ./cli kernel images/4096x40        0   393348   393444   394936 
%CPU %MEM ARGS Mon Oct  5 02:00:48 UTC 2026
 0.0  0.0 grep --color=auto ./cli       0  2336
71.9  4.8 ./cli kernel images/4096x40   0 394936
  PID User     Command                         Swap      USS      PSS      RSS 
 9799 codespace /usr/bin/python3 /usr/bin/s        0    12044    12297    14552 
 8207 codespace ./cli kernel images/4096x40        0   393348   393447   394936 
%CPU %MEM ARGS Mon Oct  5 02:00:48 UTC 2026
 0.0  0.0 grep --color=auto ./cli       0  2212
71.7  4.8 ./cli kernel images/4096x40   0 394936
  PID User     Command                         Swap      USS      PSS      RSS 
 9804 codespace /usr/bin/python3 /usr/bin/s        0    12044    12261    14468 
 8207 codespace ./cli kernel images/4096x40        0   393348   393446   394936 
%CPU %MEM ARGS Mon Oct  5 02:00:49 UTC 2026
 0.0  0.0 grep --color=auto ./cli       0  2160
71.5  4.8 ./cli kernel images/4096x40   0 394936
  PID User     Command                         Swap      USS      PSS      RSS 
 9810 codespace /usr/bin/python3 /usr/bin/s        0    12040    12284    14496 
 8207 codespace ./cli kernel images/4096x40        0   393348   393447   394936 
%CPU %MEM ARGS Mon Oct  5 02:00:49 UTC 2026
 0.0  0.0 grep --color=auto ./cli       1  2252
71.2  4.8 ./cli kernel images/4096x40   0 394936
  PID User     Command                         Swap      USS      PSS      RSS 
 9815 codespace /usr/bin/python3 /usr/bin/s        0    12056    12292    14476 
 8207 codespace ./cli kernel images/4096x40        0   393348   393439   394936 
%CPU %MEM ARGS Mon Oct  5 02:00:50 UTC 2026
 0.0  0.0 grep --color=auto ./cli       0  2092
71.0  4.8 ./cli kernel images/4096x40   1 394936
  PID User     Command                         Swap      USS      PSS      RSS 
 9827 codespace /usr/bin/python3 /usr/bin/s        0    12044    12284    14468 
 8207 codespace ./cli kernel images/4096x40        0   393348   393447   394936 
%CPU %MEM ARGS Mon Oct  5 02:00:50 UTC 2026
 0.0  0.0 grep --color=auto ./cli       1  2196
70.8  4.8 ./cli kernel images/4096x40   0 394936
  PID User     Command                         Swap      USS      PSS      RSS 
 9832 codespace /usr/bin/python3 /usr/bin/s        0    12048    12288    14504 
 8207 codespace ./cli kernel images/4096x40        0   393348   393447   394936 
%CPU %MEM ARGS Mon Oct  5 02:00:51 UTC 2026
 0.0  0.0 grep --color=auto ./cli       1  2180
70.6  4.8 ./cli kernel images/4096x40   1 394936
  PID User     Command                         Swap      USS      PSS      RSS 
 9838 codespace /usr/bin/python3 /usr/bin/s        0    12072    12327    14572 
 8207 codespace ./cli kernel images/4096x40        0   393348   393446   394936 
%CPU %MEM ARGS Mon Oct  5 02:00:52 UTC 2026
 0.0  0.0 grep --color=auto ./cli       0  2288
70.4  4.8 ./cli kernel images/4096x40   0 394936
  PID User     Command                         Swap      USS      PSS      RSS 
 9844 codespace /usr/bin/python3 /usr/bin/s        0    12044    12278    14464 
 8207 codespace ./cli kernel images/4096x40        0   393348   393447   394936 
%CPU %MEM ARGS Mon Oct  5 02:00:52 UTC 2026
 0.0  0.0 grep --color=auto ./cli       1  2160
70.4  4.8 ./cli kernel images/4096x40   1 394936
  PID User     Command                         Swap      USS      PSS      RSS 
 9849 codespace /usr/bin/python3 /usr/bin/s        0    12044    12282    14500 
 8207 codespace ./cli kernel images/4096x40        0   393348   393447   394936 
%CPU %MEM ARGS Mon Oct  5 02:00:53 UTC 2026
 0.0  0.0 grep --color=auto ./cli       0  2156
70.2  4.8 ./cli kernel images/4096x40   1 394936
  PID User     Command                         Swap      USS      PSS      RSS 
 9872 codespace /usr/bin/python3 /usr/bin/s        0    12040    12287    14500 
 8207 codespace ./cli kernel images/4096x40        0   393348   393446   394936 
%CPU %MEM ARGS Mon Oct  5 02:00:53 UTC 2026
 0.0  0.0 grep --color=auto ./cli       0  2156
70.0  4.8 ./cli kernel images/4096x40   1 394936
  PID User     Command                         Swap      USS      PSS      RSS 
 9890 codespace /usr/bin/python3 /usr/bin/s        0    12032    12264    14452 
 8207 codespace ./cli kernel images/4096x40        0   393348   393446   394936 
%CPU %MEM ARGS Mon Oct  5 02:00:54 UTC 2026
 0.0  0.0 grep --color=auto ./cli       0  2252
69.8  4.8 ./cli kernel images/4096x40   0 394936
  PID User     Command                         Swap      USS      PSS      RSS 
 9896 codespace /usr/bin/python3 /usr/bin/s        0    12044    12284    14500 
 8207 codespace ./cli kernel images/4096x40        0   393348   393446   394936 
%CPU %MEM ARGS Mon Oct  5 02:00:54 UTC 2026
 0.0  0.0 grep --color=auto ./cli       0  2288
69.8  4.8 ./cli kernel images/4096x40   1 394936
  PID User     Command                         Swap      USS      PSS      RSS 
 9901 codespace /usr/bin/python3 /usr/bin/s        0    12040    12269    14448 
 8207 codespace ./cli kernel images/4096x40        0   393348   393447   394936 
%CPU %MEM ARGS Mon Oct  5 02:00:55 UTC 2026
 0.0  0.0 grep --color=auto ./cli       0  2152
69.8  4.8 ./cli kernel images/4096x40   1 394936
  PID User     Command                         Swap      USS      PSS      RSS 
 9906 codespace /usr/bin/python3 /usr/bin/s        0    12040    12282    14520 
 8207 codespace ./cli kernel images/4096x40        0   393348   393446   394936 
%CPU %MEM ARGS Mon Oct  5 02:00:55 UTC 2026
 0.0  0.0 grep --color=auto ./cli       0  2176
69.8  4.8 ./cli kernel images/4096x40   1 394936
  PID User     Command                         Swap      USS      PSS      RSS 
 9912 codespace /usr/bin/python3 /usr/bin/s        0    12040    12272    14460 
 8207 codespace ./cli kernel images/4096x40        0   393348   393447   394936 
%CPU %MEM ARGS Mon Oct  5 02:00:55 UTC 2026
 0.0  0.0 grep --color=auto ./cli       1  2196
69.8  4.8 ./cli kernel images/4096x40   0 394936
  PID User     Command                         Swap      USS      PSS      RSS 
 9917 codespace /usr/bin/python3 /usr/bin/s        0    12040    12280    14524 
 8207 codespace ./cli kernel images/4096x40        0   393348   393446   394936 
%CPU %MEM ARGS Mon Oct  5 02:00:56 UTC 2026
 0.0  0.0 grep --color=auto ./cli       0  2340
69.8  4.8 ./cli kernel images/4096x40   0 394936
  PID User     Command                         Swap      USS      PSS      RSS 
 9922 codespace /usr/bin/python3 /usr/bin/s        0    12040    12284    14512 
 8207 codespace ./cli kernel images/4096x40        0   393348   393446   394936 
%CPU %MEM ARGS Mon Oct  5 02:00:56 UTC 2026
 0.0  0.0 grep --color=auto ./cli       0  2156
69.7  4.8 ./cli kernel images/4096x40   1 394936
  PID User     Command                         Swap      USS      PSS      RSS 
 9934 codespace /usr/bin/python3 /usr/bin/s        0    12040    12281    14520 
 8207 codespace ./cli kernel images/4096x40        0   393348   393446   394936 
%CPU %MEM ARGS Mon Oct  5 02:00:56 UTC 2026
 0.0  0.0 grep --color=auto ./cli       0  2208
69.7  4.8 ./cli kernel images/4096x40   0 394936
  PID User     Command                         Swap      USS      PSS      RSS 
 9939 codespace /usr/bin/python3 /usr/bin/s        0    12040    12280    14496 
 8207 codespace ./cli kernel images/4096x40        0   393348   393447   394936 
%CPU %MEM ARGS Mon Oct  5 02:00:57 UTC 2026
 0.0  0.0 grep --color=auto ./cli       0  2152
69.7  4.8 ./cli kernel images/4096x40   1 394936
  PID User     Command                         Swap      USS      PSS      RSS 
 9945 codespace /usr/bin/python3 /usr/bin/s        0    12040    12272    14460 
 8207 codespace ./cli kernel images/4096x40        0   393348   393447   394936 
%CPU %MEM ARGS Mon Oct  5 02:00:57 UTC 2026
 0.0  0.0 grep --color=auto ./cli       0  2344
69.8  4.8 ./cli kernel images/4096x40   1 394936
  PID User     Command                         Swap      USS      PSS      RSS 
 9950 codespace /usr/bin/python3 /usr/bin/s        0    12044    12283    14528 
 8207 codespace ./cli kernel images/4096x40        0   393348   393445   394936 
%CPU %MEM ARGS Mon Oct  5 02:00:58 UTC 2026
 0.0  0.0 grep --color=auto ./cli       1  2308
69.7  4.8 ./cli kernel images/4096x40   0 394936
  PID User     Command                         Swap      USS      PSS      RSS 
 9955 codespace /usr/bin/python3 /usr/bin/s        0    12040    12271    14460 
 8207 codespace ./cli kernel images/4096x40        0   393348   393447   394936 
%CPU %MEM ARGS Mon Oct  5 02:00:58 UTC 2026
 0.0  0.0 grep --color=auto ./cli       1  2156
69.7  4.8 ./cli kernel images/4096x40   0 394936
  PID User     Command                         Swap      USS      PSS      RSS 
 9961 codespace /usr/bin/python3 /usr/bin/s        0    12044    12290    14504 
 8207 codespace ./cli kernel images/4096x40        0   393348   393446   394936 
%CPU %MEM ARGS Mon Oct  5 02:00:58 UTC 2026
 0.0  0.0 grep --color=auto ./cli       0  2192
69.7  4.8 ./cli kernel images/4096x40   0 394936
  PID User     Command                         Swap      USS      PSS      RSS 
 9966 codespace /usr/bin/python3 /usr/bin/s        0    12040    12283    14496 
 8207 codespace ./cli kernel images/4096x40        0   393348   393446   394936 
%CPU %MEM ARGS Mon Oct  5 02:00:59 UTC 2026
 0.0  0.0 grep --color=auto ./cli       1  2160
69.6  4.8 ./cli kernel images/4096x40   1 394936
  PID User     Command                         Swap      USS      PSS      RSS 
 9988 codespace /usr/bin/python3 /usr/bin/s        0    12040    12272    14460 
 8207 codespace ./cli kernel images/4096x40        0   393348   393446   394936 
%CPU %MEM ARGS Mon Oct  5 02:00:59 UTC 2026
 0.0  0.0 grep --color=auto ./cli       1  2176
69.5  4.8 ./cli kernel images/4096x40   0 394936
  PID User     Command                         Swap      USS      PSS      RSS 
 9993 codespace /usr/bin/python3 /usr/bin/s        0    12068    12315    14576 
 8207 codespace ./cli kernel images/4096x40        0   393348   393447   394936 
%CPU %MEM ARGS Mon Oct  5 02:01:00 UTC 2026
 0.0  0.0 grep --color=auto ./cli       1  2176
69.5  4.8 ./cli kernel images/4096x40   0 394936
  PID User     Command                         Swap      USS      PSS      RSS 
 9999 codespace /usr/bin/python3 /usr/bin/s        0    12060    12309    14604 
 8207 codespace ./cli kernel images/4096x40        0   393348   393447   394936 
%CPU %MEM ARGS Mon Oct  5 02:01:00 UTC 2026
 0.0  0.0 grep --color=auto ./cli       1  2184
69.5  4.8 ./cli kernel images/4096x40   0 394936
  PID User     Command                         Swap      USS      PSS      RSS 
10004 codespace /usr/bin/python3 /usr/bin/s        0    12040    12282    14512 
 8207 codespace ./cli kernel images/4096x40        0   393348   393446   394936 
%CPU %MEM ARGS Mon Oct  5 02:01:01 UTC 2026
 0.0  0.0 grep --color=auto ./cli       0  2164
69.5  4.8 ./cli kernel images/4096x40   1 394936
  PID User     Command                         Swap      USS      PSS      RSS 
10009 codespace /usr/bin/python3 /usr/bin/s        0    12040    12278    14464 
 8207 codespace ./cli kernel images/4096x40        0   393348   393447   394936 
%CPU %MEM ARGS Mon Oct  5 02:01:01 UTC 2026
 0.0  0.0 grep --color=auto ./cli       1  2304
69.4  4.8 ./cli kernel images/4096x40   0 394936
  PID User     Command                         Swap      USS      PSS      RSS 
10015 codespace /usr/bin/python3 /usr/bin/s        0    12048    12297    14548 
 8207 codespace ./cli kernel images/4096x40        0   393348   393447   394936 
%CPU %MEM ARGS Mon Oct  5 02:01:01 UTC 2026
 0.0  0.0 grep --color=auto ./cli       1  2176
69.4  4.8 ./cli kernel images/4096x40   0 394936
  PID User     Command                         Swap      USS      PSS      RSS 
10020 codespace /usr/bin/python3 /usr/bin/s        0    12040    12280    14496 
 8207 codespace ./cli kernel images/4096x40        0   393348   393446   394936 
%CPU %MEM ARGS Mon Oct  5 02:01:02 UTC 2026
 0.0  0.0 grep --color=auto ./cli       0  2156
69.4  4.8 ./cli kernel images/4096x40   1 394936
  PID User     Command                         Swap      USS      PSS      RSS 
10026 codespace /usr/bin/python3 /usr/bin/s        0    12060    12309    14604 
 8207 codespace ./cli kernel images/4096x40        0   393348   393447   394936 
%CPU %MEM ARGS Mon Oct  5 02:01:02 UTC 2026
 0.0  0.0 grep --color=auto ./cli       0  2128
69.4  4.8 ./cli kernel images/4096x40   1 394936
  PID User     Command                         Swap      USS      PSS      RSS 
10037 codespace /usr/bin/python3 /usr/bin/s        0    12040    12286    14500 
 8207 codespace ./cli kernel images/4096x40        0   393348   393446   394936 
%CPU %MEM ARGS Mon Oct  5 02:01:03 UTC 2026
 0.0  0.0 grep --color=auto ./cli       1  2212
69.4  4.8 ./cli kernel images/4096x40   0 394936
  PID User     Command                         Swap      USS      PSS      RSS 
10042 codespace /usr/bin/python3 /usr/bin/s        0    12044    12278    14464 
 8207 codespace ./cli kernel images/4096x40        0   393348   393447   394936 
%CPU %MEM ARGS Mon Oct  5 02:01:03 UTC 2026
 0.0  0.0 grep --color=auto ./cli       1  2252
69.3  4.8 ./cli kernel images/4096x40   0 394936
  PID User     Command                         Swap      USS      PSS      RSS 
10066 codespace /usr/bin/python3 /usr/bin/s        0    12040    12279    14464 
 8207 codespace ./cli kernel images/4096x40        0   393348   393447   394936 
%CPU %MEM ARGS Mon Oct  5 02:01:03 UTC 2026
 0.0  0.0 grep --color=auto ./cli       0  2156
69.2  4.8 ./cli kernel images/4096x40   0 394936
  PID User     Command                         Swap      USS      PSS      RSS 
10071 codespace /usr/bin/python3 /usr/bin/s        0    12044    12285    14496 
 8207 codespace ./cli kernel images/4096x40        0   393348   393447   394936 
%CPU %MEM ARGS Mon Oct  5 02:01:04 UTC 2026
 0.0  0.0 grep --color=auto ./cli       1  2180
69.2  4.8 ./cli kernel images/4096x40   1 394936
  PID User     Command                         Swap      USS      PSS      RSS 
10077 codespace /usr/bin/python3 /usr/bin/s        0    12040    12281    14520 
 8207 codespace ./cli kernel images/4096x40        0   393348   393446   394936 
%CPU %MEM ARGS Mon Oct  5 02:01:04 UTC 2026
 0.0  0.0 grep --color=auto ./cli       1  2176
69.2  4.8 ./cli kernel images/4096x40   0 394936
  PID User     Command                         Swap      USS      PSS      RSS 
10088 codespace /usr/bin/python3 /usr/bin/s        0    12040    12284    14512 
 8207 codespace ./cli kernel images/4096x40        0   393348   393446   394936 
%CPU %MEM ARGS Mon Oct  5 02:01:05 UTC 2026
 0.0  0.0 grep --color=auto ./cli       0  2304
69.1  4.8 ./cli kernel images/4096x40   1 394936
  PID User     Command                         Swap      USS      PSS      RSS 
10094 codespace /usr/bin/python3 /usr/bin/s        0    12040    12238    14500 
 8207 codespace ./cli kernel images/4096x40        0   393348   393439   394936 
%CPU %MEM ARGS Mon Oct  5 02:01:05 UTC 2026
 0.0  0.0 grep --color=auto ./cli       0  2176
69.1  4.8 ./cli kernel images/4096x40   1 394936
  PID User     Command                         Swap      USS      PSS      RSS 
10105 codespace /usr/bin/python3 /usr/bin/s        0    11980    12220    14436 
 8207 codespace ./cli kernel images/4096x40        0   393348   393447   394936 
%CPU %MEM ARGS Mon Oct  5 02:01:06 UTC 2026
 0.0  0.0 grep --color=auto ./cli       1  2196
69.1  4.8 ./cli kernel images/4096x40   1 394936
  PID User     Command                         Swap      USS      PSS      RSS 
10110 codespace /usr/bin/python3 /usr/bin/s        0    12040    12278    14524 
 8207 codespace ./cli kernel images/4096x40        0   393348   393446   394936 
%CPU %MEM ARGS Mon Oct  5 02:01:06 UTC 2026
 0.0  0.0 grep --color=auto ./cli       1  2200
69.1  4.8 ./cli kernel images/4096x40   0 394936
  PID User     Command                         Swap      USS      PSS      RSS 
10116 codespace /usr/bin/python3 /usr/bin/s        0    12044    12290    14504 
 8207 codespace ./cli kernel images/4096x40        0   393348   393446   394936 
%CPU %MEM ARGS Mon Oct  5 02:01:06 UTC 2026
 0.0  0.0 grep --color=auto ./cli       1  2196
69.1  4.8 ./cli kernel images/4096x40   1 394936
  PID User     Command                         Swap      USS      PSS      RSS 
10121 codespace /usr/bin/python3 /usr/bin/s        0    12040    12272    14460 
 8207 codespace ./cli kernel images/4096x40        0   393348   393447   394936 
%CPU %MEM ARGS Mon Oct  5 02:01:07 UTC 2026
 0.0  0.0 grep --color=auto ./cli       0  2164
69.1  4.8 ./cli kernel images/4096x40   1 394936
  PID User     Command                         Swap      USS      PSS      RSS 
10127 codespace /usr/bin/python3 /usr/bin/s        0    12040    12281    14464 
 8207 codespace ./cli kernel images/4096x40        0   393348   393447   394936 
%CPU %MEM ARGS Mon Oct  5 02:01:07 UTC 2026
 0.0  0.0 grep --color=auto ./cli       1  2212
69.1  4.8 ./cli kernel images/4096x40   0 394936
  PID User     Command                         Swap      USS      PSS      RSS 
10132 codespace /usr/bin/python3 /usr/bin/s        0    12040    12287    14500 
 8207 codespace ./cli kernel images/4096x40        0   393348   393446   394936 
%CPU %MEM ARGS Mon Oct  5 02:01:08 UTC 2026
 0.0  0.0 grep --color=auto ./cli       0  2160
69.1  4.8 ./cli kernel images/4096x40   0 394936
  PID User     Command                         Swap      USS      PSS      RSS 
10137 codespace /usr/bin/python3 /usr/bin/s        0    12040    12278    14520 
 8207 codespace ./cli kernel images/4096x40        0   393348   393445   394936 
%CPU %MEM ARGS Mon Oct  5 02:01:08 UTC 2026
 0.0  0.0 grep --color=auto ./cli       1  2292
69.1  4.8 ./cli kernel images/4096x40   0 394936
  PID User     Command                         Swap      USS      PSS      RSS 
10146 codespace /usr/bin/python3 /usr/bin/s        0    12044    12283    14496 
 8207 codespace ./cli kernel images/4096x40        0   393348   393447   394936 
%CPU %MEM ARGS Mon Oct  5 02:01:09 UTC 2026
 0.0  0.0 grep --color=auto ./cli       0  2248
69.1  4.8 ./cli kernel images/4096x40   1 394936
  PID User     Command                         Swap      USS      PSS      RSS 
10154 codespace /usr/bin/python3 /usr/bin/s        0    12040    12270    14492 
 8207 codespace ./cli kernel images/4096x40        0   393348   393445   394936 
%CPU %MEM ARGS Mon Oct  5 02:01:09 UTC 2026
 0.0  0.0 grep --color=auto ./cli       1  2208
69.1  4.8 ./cli kernel images/4096x40   0 394936
  PID User     Command                         Swap      USS      PSS      RSS 
10160 codespace /usr/bin/python3 /usr/bin/s        0    12040    12273    14460 
 8207 codespace ./cli kernel images/4096x40        0   393348   393447   394936 
%CPU %MEM ARGS Mon Oct  5 02:01:09 UTC 2026
 0.0  0.0 grep --color=auto ./cli       0  2296
69.1  4.8 ./cli kernel images/4096x40   1 394936
  PID User     Command                         Swap      USS      PSS      RSS 
10165 codespace /usr/bin/python3 /usr/bin/s        0    12040    12281    14496 
 8207 codespace ./cli kernel images/4096x40        0   393348   393447   394936 
%CPU %MEM ARGS Mon Oct  5 02:01:10 UTC 2026
 0.0  0.0 grep --color=auto ./cli       0  2160
69.0  4.8 ./cli kernel images/4096x40   0 394936
  PID User     Command                         Swap      USS      PSS      RSS 
10170 codespace /usr/bin/python3 /usr/bin/s        0    12040    12251    14524 
 8207 codespace ./cli kernel images/4096x40        0   393348   393443   394936 
%CPU %MEM ARGS Mon Oct  5 02:01:10 UTC 2026
 0.0  0.0 grep --color=auto ./cli       1  2340
69.0  4.8 ./cli kernel images/4096x40   0 394936
  PID User     Command                         Swap      USS      PSS      RSS 
10182 codespace /usr/bin/python3 /usr/bin/s        0    12060    12310    14604 
 8207 codespace ./cli kernel images/4096x40        0   393348   393447   394936 
%CPU %MEM ARGS Mon Oct  5 02:01:11 UTC 2026
 0.0  0.0 grep --color=auto ./cli       1  2160
69.0  4.8 ./cli kernel images/4096x40   1 394936
  PID User     Command                         Swap      USS      PSS      RSS 
10187 codespace /usr/bin/python3 /usr/bin/s        0    12040    12279    14520 
 8207 codespace ./cli kernel images/4096x40        0   393348   393446   394936 
%CPU %MEM ARGS Mon Oct  5 02:01:11 UTC 2026
 0.0  0.0 grep --color=auto ./cli       1  2156
69.0  4.8 ./cli kernel images/4096x40   1 394936
  PID User     Command                         Swap      USS      PSS      RSS 
10193 codespace /usr/bin/python3 /usr/bin/s        0    12040    12250    14552 
 8207 codespace ./cli kernel images/4096x40        0   393348   393439   394936 
%CPU %MEM ARGS Mon Oct  5 02:01:12 UTC 2026
 0.0  0.0 grep --color=auto ./cli       1  2180
68.9  4.8 ./cli kernel images/4096x40   0 394936
  PID User     Command                         Swap      USS      PSS      RSS 
10204 codespace /usr/bin/python3 /usr/bin/s        0    12044    12283    14464 
 8207 codespace ./cli kernel images/4096x40        0   393348   393447   394936 
%CPU %MEM ARGS Mon Oct  5 02:01:12 UTC 2026
 0.0  0.0 grep --color=auto ./cli       0  2204
68.9  4.8 ./cli kernel images/4096x40   1 394936
  PID User     Command                         Swap      USS      PSS      RSS 
10210 codespace /usr/bin/python3 /usr/bin/s        0    12040    12275    14460 
 8207 codespace ./cli kernel images/4096x40        0   393348   393447   394936 
%CPU %MEM ARGS Mon Oct  5 02:01:12 UTC 2026
 0.0  0.0 grep --color=auto ./cli       0  2304
68.9  4.8 ./cli kernel images/4096x40   1 394936
  PID User     Command                         Swap      USS      PSS      RSS 
10215 codespace /usr/bin/python3 /usr/bin/s        0    12036    12278    14524 
 8207 codespace ./cli kernel images/4096x40        0   393348   393446   394936 
%CPU %MEM ARGS Mon Oct  5 02:01:13 UTC 2026
 0.0  0.0 grep --color=auto ./cli       1  2376
68.9  4.8 ./cli kernel images/4096x40   0 394936
  PID User     Command                         Swap      USS      PSS      RSS 
10220 codespace /usr/bin/python3 /usr/bin/s        0    12044    12295    14464 
 8207 codespace ./cli kernel images/4096x40        0   393348   393447   394936 
%CPU %MEM ARGS Mon Oct  5 02:01:13 UTC 2026
 0.0  0.0 grep --color=auto ./cli       1  2308
69.0  4.8 ./cli kernel images/4096x40   0 394936
  PID User     Command                         Swap      USS      PSS      RSS 
10226 codespace /usr/bin/python3 /usr/bin/s        0    12044    12279    14464 
 8207 codespace ./cli kernel images/4096x40        0   393348   393447   394936 
%CPU %MEM ARGS Mon Oct  5 02:01:13 UTC 2026
 0.0  0.0 grep --color=auto ./cli       0  2288
68.9  4.8 ./cli kernel images/4096x40   1 394936
  PID User     Command                         Swap      USS      PSS      RSS 
10249 codespace /usr/bin/python3 /usr/bin/s        0    12044    12287    14496 
 8207 codespace ./cli kernel images/4096x40        0   393348   393447   394936 
%CPU %MEM ARGS Mon Oct  5 02:01:14 UTC 2026
 0.0  0.0 grep --color=auto ./cli       0  2204
68.9  4.8 ./cli kernel images/4096x40   1 394936
  PID User     Command                         Swap      USS      PSS      RSS 
10254 codespace /usr/bin/python3 /usr/bin/s        0    12040    12279    14524 
 8207 codespace ./cli kernel images/4096x40        0   393348   393446   394936 
%CPU %MEM ARGS Mon Oct  5 02:01:14 UTC 2026
 0.0  0.0 grep --color=auto ./cli       1  2340
68.9  4.8 ./cli kernel images/4096x40   0 394936
  PID User     Command                         Swap      USS      PSS      RSS 
10260 codespace /usr/bin/python3 /usr/bin/s        0    12044    12280    14468 
 8207 codespace ./cli kernel images/4096x40        0   393348   393446   394936 
%CPU %MEM ARGS Mon Oct  5 02:01:15 UTC 2026
 0.0  0.0 grep --color=auto ./cli       0  2192
68.9  4.8 ./cli kernel images/4096x40   1 394936
  PID User     Command                         Swap      USS      PSS      RSS 
10271 codespace /usr/bin/python3 /usr/bin/s        0    12056    12307    14556 
 8207 codespace ./cli kernel images/4096x40        0   393348   393447   394936 
%CPU %MEM ARGS Mon Oct  5 02:01:15 UTC 2026
 0.0  0.0 grep --color=auto ./cli       1  2184
68.9  4.8 ./cli kernel images/4096x40   1 394936
  PID User     Command                         Swap      USS      PSS      RSS 
10277 codespace /usr/bin/python3 /usr/bin/s        0    12040    12275    14460 
 8207 codespace ./cli kernel images/4096x40        0   393348   393447   394936 
%CPU %MEM ARGS Mon Oct  5 02:01:15 UTC 2026
 0.0  0.0 grep --color=auto ./cli       1  2156
68.9  4.8 ./cli kernel images/4096x40   0 394936
  PID User     Command                         Swap      USS      PSS      RSS 
10282 codespace /usr/bin/python3 /usr/bin/s        0    12056    12307    14556 
 8207 codespace ./cli kernel images/4096x40        0   393348   393447   394936 
%CPU %MEM ARGS Mon Oct  5 02:01:16 UTC 2026
 0.0  0.0 grep --color=auto ./cli       0  2260
68.9  4.8 ./cli kernel images/4096x40   1 394936
  PID User     Command                         Swap      USS      PSS      RSS 
10293 codespace /usr/bin/python3 /usr/bin/s        0    12028    12265    14512 
 8207 codespace ./cli kernel images/4096x40        0   393348   393446   394936 
%CPU %MEM ARGS Mon Oct  5 02:01:16 UTC 2026
 0.0  0.0 grep --color=auto ./cli       0  2300
68.9  4.8 ./cli kernel images/4096x40   1 394936
  PID User     Command                         Swap      USS      PSS      RSS 
10299 codespace /usr/bin/python3 /usr/bin/s        0    12040    12270    14460 
 8207 codespace ./cli kernel images/4096x40        0   393348   393446   394936 
%CPU %MEM ARGS Mon Oct  5 02:01:17 UTC 2026
 0.0  0.0 grep --color=auto ./cli       1  2192
68.9  4.8 ./cli kernel images/4096x40   0 394936
  PID User     Command                         Swap      USS      PSS      RSS 
10304 codespace /usr/bin/python3 /usr/bin/s        0    12048    12285    14532 
 8207 codespace ./cli kernel images/4096x40        0   393348   393446   394936 
%CPU %MEM ARGS Mon Oct  5 02:01:17 UTC 2026
 0.0  0.0 grep --color=auto ./cli       1  2164
68.9  4.8 ./cli kernel images/4096x40   0 394936
  PID User     Command                         Swap      USS      PSS      RSS 
10310 codespace /usr/bin/python3 /usr/bin/s        0    12040    12266    14436 
 8207 codespace ./cli kernel images/4096x40        0   393348   393447   394936 
%CPU %MEM ARGS Mon Oct  5 02:01:17 UTC 2026
 0.0  0.0 grep --color=auto ./cli       0  2152
68.9  4.8 ./cli kernel images/4096x40   1 394936
  PID User     Command                         Swap      USS      PSS      RSS 
10315 codespace /usr/bin/python3 /usr/bin/s        0    12052    12298    14556 
 8207 codespace ./cli kernel images/4096x40        0   393348   393445   394936 
%CPU %MEM ARGS Mon Oct  5 02:01:18 UTC 2026
 0.0  0.0 grep --color=auto ./cli       0  2208
68.9  4.8 ./cli kernel images/4096x40   1 394936
  PID User     Command                         Swap      USS      PSS      RSS 
10326 codespace /usr/bin/python3 /usr/bin/s        0    12040    12280    14464 
 8207 codespace ./cli kernel images/4096x40        0   393348   393447   394936 
%CPU %MEM ARGS Mon Oct  5 02:01:18 UTC 2026
 0.0  0.0 grep --color=auto ./cli       0  2152
68.9  4.8 ./cli kernel images/4096x40   1 394936
  PID User     Command                         Swap      USS      PSS      RSS 
10332 codespace /usr/bin/python3 /usr/bin/s        0    12040    12277    14428 
 8207 codespace ./cli kernel images/4096x40        0   393348   393447   394936 
%CPU %MEM ARGS Mon Oct  5 02:01:18 UTC 2026
 0.0  0.0 grep --color=auto ./cli       0  2160
68.9  4.8 ./cli kernel images/4096x40   1 394936
  PID User     Command                         Swap      USS      PSS      RSS 
10337 codespace /usr/bin/python3 /usr/bin/s        0    12088    12341    14596 
 8207 codespace ./cli kernel images/4096x40        0   393348   393447   394936 
%CPU %MEM ARGS Mon Oct  5 02:01:19 UTC 2026
 0.0  0.0 grep --color=auto ./cli       0  2164
68.9  4.8 ./cli kernel images/4096x40   0 394936
  PID User     Command                         Swap      USS      PSS      RSS 
10342 codespace /usr/bin/python3 /usr/bin/s        0    12060    12311    14604 
 8207 codespace ./cli kernel images/4096x40        0   393348   393447   394936 
%CPU %MEM ARGS Mon Oct  5 02:01:19 UTC 2026
 0.0  0.0 grep --color=auto ./cli       1  2172
68.9  4.8 ./cli kernel images/4096x40   1 394936
  PID User     Command                         Swap      USS      PSS      RSS 
10348 codespace /usr/bin/python3 /usr/bin/s        0    12040    12283    14500 
 8207 codespace ./cli kernel images/4096x40        0   393348   393446   394936 
%CPU %MEM ARGS Mon Oct  5 02:01:19 UTC 2026
 0.0  0.0 grep --color=auto ./cli       0  2296
69.0  4.8 ./cli kernel images/4096x40   1 394936
  PID User     Command                         Swap      USS      PSS      RSS 
10353 codespace /usr/bin/python3 /usr/bin/s        0    12040    12277    14464 
 8207 codespace ./cli kernel images/4096x40        0   393348   393447   394936 
%CPU %MEM ARGS Mon Oct  5 02:01:20 UTC 2026
 0.0  0.0 grep --color=auto ./cli       1  2300
69.0  4.8 ./cli kernel images/4096x40   0 394936
  PID User     Command                         Swap      USS      PSS      RSS 
10359 codespace /usr/bin/python3 /usr/bin/s        0    12068    12313    14576 
 8207 codespace ./cli kernel images/4096x40        0   393348   393447   394936 
%CPU %MEM ARGS Mon Oct  5 02:01:20 UTC 2026
 0.0  0.0 grep --color=auto ./cli       1  2176
69.0  4.8 ./cli kernel images/4096x40   0 394936
  PID User     Command                         Swap      USS      PSS      RSS 
10364 codespace /usr/bin/python3 /usr/bin/s        0    12068    12313    14576 
 8207 codespace ./cli kernel images/4096x40        0   393348   393447   394936 
%CPU %MEM ARGS Mon Oct  5 02:01:21 UTC 2026
 0.0  0.0 grep --color=auto ./cli       0  2156
68.9  4.8 ./cli kernel images/4096x40   1 394936
  PID User     Command                         Swap      USS      PSS      RSS 
10375 codespace /usr/bin/python3 /usr/bin/s        0    12068    12313    14576 
 8207 codespace ./cli kernel images/4096x40        0   393348   393447   394936 
%CPU %MEM ARGS Mon Oct  5 02:01:21 UTC 2026
 0.0  0.0 grep --color=auto ./cli       1  2200
68.9  4.8 ./cli kernel images/4096x40   0 394936
  PID User     Command                         Swap      USS      PSS      RSS 
10381 codespace /usr/bin/python3 /usr/bin/s        0    12044    12275    14464 
 8207 codespace ./cli kernel images/4096x40        0   393348   393446   394936 
%CPU %MEM ARGS Mon Oct  5 02:01:21 UTC 2026
 0.0  0.0 grep --color=auto ./cli       1  2184
68.9  4.8 ./cli kernel images/4096x40   0 394936
  PID User     Command                         Swap      USS      PSS      RSS 
10392 codespace /usr/bin/python3 /usr/bin/s        0    12040    12284    14512 
 8207 codespace ./cli kernel images/4096x40        0   393348   393446   394936 
%CPU %MEM ARGS Mon Oct  5 02:01:22 UTC 2026
 0.0  0.0 grep --color=auto ./cli       0  2172
68.9  4.8 ./cli kernel images/4096x40   0 394936
  PID User     Command                         Swap      USS      PSS      RSS 
10397 codespace /usr/bin/python3 /usr/bin/s        0    12048    12304    14592 
 8207 codespace ./cli kernel images/4096x40        0   393348   393450   394936 
%CPU %MEM ARGS Mon Oct  5 02:01:22 UTC 2026
 0.0  0.0 grep --color=auto ./cli       0  2172
68.9  4.8 ./cli kernel images/4096x40   1 394936
  PID User     Command                         Swap      USS      PSS      RSS 
10403 codespace /usr/bin/python3 /usr/bin/s        0    12040    12280    14524 
 8207 codespace ./cli kernel images/4096x40        0   393348   393446   394936 
%CPU %MEM ARGS Mon Oct  5 02:01:22 UTC 2026
 0.0  0.0 grep --color=auto ./cli       0  2200
68.9  4.8 ./cli kernel images/4096x40   0 394936
  PID User     Command                         Swap      USS      PSS      RSS 
10408 codespace /usr/bin/python3 /usr/bin/s        0    12060    12311    14604 
 8207 codespace ./cli kernel images/4096x40        0   393348   393447   394936 
%CPU %MEM ARGS Mon Oct  5 02:01:23 UTC 2026
 0.0  0.0 grep --color=auto ./cli       1  2252
68.9  4.8 ./cli kernel images/4096x40   0 394936
  PID User     Command                         Swap      USS      PSS      RSS 
10413 codespace /usr/bin/python3 /usr/bin/s        0    12044    12285    14496 
 8207 codespace ./cli kernel images/4096x40        0   393348   393447   394936 
%CPU %MEM ARGS Mon Oct  5 02:01:23 UTC 2026
 0.0  0.0 grep --color=auto ./cli       1  2172
68.9  4.8 ./cli kernel images/4096x40   0 394936
  PID User     Command                         Swap      USS      PSS      RSS 
10419 codespace /usr/bin/python3 /usr/bin/s        0    12040    12275    14484 
 8207 codespace ./cli kernel images/4096x40        0   393348   393446   394936 
%CPU %MEM ARGS Mon Oct  5 02:01:24 UTC 2026
 0.0  0.0 grep --color=auto ./cli       0  2172
68.9  4.8 ./cli kernel images/4096x40   1 394936
  PID User     Command                         Swap      USS      PSS      RSS 
10439 codespace /usr/bin/python3 /usr/bin/s        0    12040    12280    14520 
 8207 codespace ./cli kernel images/4096x40        0   393348   393446   394936 
%CPU %MEM ARGS Mon Oct  5 02:01:24 UTC 2026
 0.0  0.0 grep --color=auto ./cli       1  2292
68.9  4.8 ./cli kernel images/4096x40   0 394936
  PID User     Command                         Swap      USS      PSS      RSS 
10454 codespace /usr/bin/python3 /usr/bin/s        0    12040    12277    14464 
 8207 codespace ./cli kernel images/4096x40        0   393348   393447   394936 
%CPU %MEM ARGS Mon Oct  5 02:01:24 UTC 2026
 0.0  0.0 grep --color=auto ./cli       0  2180
68.9  4.8 ./cli kernel images/4096x40   0 394936
  PID User     Command                         Swap      USS      PSS      RSS 
10459 codespace /usr/bin/python3 /usr/bin/s        0    12068    12315    14576 
 8207 codespace ./cli kernel images/4096x40        0   393348   393447   394936 
%CPU %MEM ARGS Mon Oct  5 02:01:25 UTC 2026
 0.0  0.0 grep --color=auto ./cli       1  2344
68.9  4.8 ./cli kernel images/4096x40   0 394936
  PID User     Command                         Swap      USS      PSS      RSS 
10464 codespace /usr/bin/python3 /usr/bin/s        0    12048    12300    14548 
 8207 codespace ./cli kernel images/4096x40        0   393348   393447   394936 
%CPU %MEM ARGS Mon Oct  5 02:01:25 UTC 2026
 0.0  0.0 grep --color=auto ./cli       0  2320
68.9  4.8 ./cli kernel images/4096x40   1 394936
  PID User     Command                         Swap      USS      PSS      RSS 
10470 codespace /usr/bin/python3 /usr/bin/s        0    12036    12274    14516 
 8207 codespace ./cli kernel images/4096x40        0   393348   393445   394936 
%CPU %MEM ARGS Mon Oct  5 02:01:25 UTC 2026
 0.0  0.0 grep --color=auto ./cli       0  2304
68.9  4.8 ./cli kernel images/4096x40   0 394936
  PID User     Command                         Swap      USS      PSS      RSS 
10475 codespace /usr/bin/python3 /usr/bin/s        0    12048    12299    14552 
 8207 codespace ./cli kernel images/4096x40        0   393348   393447   394936 
%CPU %MEM ARGS Mon Oct  5 02:01:26 UTC 2026
 0.0  0.0 grep --color=auto ./cli       0  2164
68.9  4.8 ./cli kernel images/4096x40   0 394936
  PID User     Command                         Swap      USS      PSS      RSS 
10480 codespace /usr/bin/python3 /usr/bin/s        0    12040    12281    14512 
 8207 codespace ./cli kernel images/4096x40        0   393348   393446   394936 
%CPU %MEM ARGS Mon Oct  5 02:01:26 UTC 2026
 0.0  0.0 grep --color=auto ./cli       1  2192
68.9  4.8 ./cli kernel images/4096x40   0 394936
  PID User     Command                         Swap      USS      PSS      RSS 
10486 codespace /usr/bin/python3 /usr/bin/s        0    12076    12329    14572 
 8207 codespace ./cli kernel images/4096x40        0   393348   393446   394936 
%CPU %MEM ARGS Mon Oct  5 02:01:27 UTC 2026
 0.0  0.0 grep --color=auto ./cli       1  2340
68.9  4.8 ./cli kernel images/4096x40   1 394936
  PID User     Command                         Swap      USS      PSS      RSS 
10491 codespace /usr/bin/python3 /usr/bin/s        0    12040    12278    14528 
 8207 codespace ./cli kernel images/4096x40        0   393348   393445   394936 
%CPU %MEM ARGS Mon Oct  5 02:01:27 UTC 2026
 0.0  0.0 grep --color=auto ./cli       0  2200
68.8  4.8 ./cli kernel images/4096x40   0 394936
  PID User     Command                         Swap      USS      PSS      RSS 
10509 codespace /usr/bin/python3 /usr/bin/s        0    12044    12259    14440 
 8207 codespace ./cli kernel images/4096x40        0   393348   393447   394936 
%CPU %MEM ARGS Mon Oct  5 02:01:27 UTC 2026
 0.0  0.0 grep --color=auto ./cli       1  2172
68.8  4.8 ./cli kernel images/4096x40   0 394936
  PID User     Command                         Swap      USS      PSS      RSS 
10514 codespace /usr/bin/python3 /usr/bin/s        0    12068    12315    14576 
 8207 codespace ./cli kernel images/4096x40        0   393348   393447   394936 
%CPU %MEM ARGS Mon Oct  5 02:01:28 UTC 2026
 0.0  0.0 grep --color=auto ./cli       1  2176
68.8  4.8 ./cli kernel images/4096x40   0 394936
  PID User     Command                         Swap      USS      PSS      RSS 
10519 codespace /usr/bin/python3 /usr/bin/s        0    12040    12272    14460 
 8207 codespace ./cli kernel images/4096x40        0   393348   393446   394936 
%CPU %MEM ARGS Mon Oct  5 02:01:28 UTC 2026
 0.0  0.0 grep --color=auto ./cli       1  2344
68.8  4.8 ./cli kernel images/4096x40   1 394936
  PID User     Command                         Swap      USS      PSS      RSS 
10525 codespace /usr/bin/python3 /usr/bin/s        0    12040    12281    14520 
 8207 codespace ./cli kernel images/4096x40        0   393348   393446   394936 
%CPU %MEM ARGS Mon Oct  5 02:01:28 UTC 2026
 0.0  0.0 grep --color=auto ./cli       0  2168
68.8  4.8 ./cli kernel images/4096x40   1 394936
  PID User     Command                         Swap      USS      PSS      RSS 
10530 codespace /usr/bin/python3 /usr/bin/s        0    12060    12310    14604 
 8207 codespace ./cli kernel images/4096x40        0   393348   393447   394936 
%CPU %MEM ARGS Mon Oct  5 02:01:29 UTC 2026
 0.0  0.0 grep --color=auto ./cli       0  2200
68.8  4.8 ./cli kernel images/4096x40   1 394936
  PID User     Command                         Swap      USS      PSS      RSS 
10535 codespace /usr/bin/python3 /usr/bin/s        0    12040    12270    14416 
 8207 codespace ./cli kernel images/4096x40        0   393348   393447   394936 
%CPU %MEM ARGS Mon Oct  5 02:01:29 UTC 2026
 0.0  0.0 grep --color=auto ./cli       0  2172
68.9  4.8 ./cli kernel images/4096x40   0 394936
  PID User     Command                         Swap      USS      PSS      RSS 
10541 codespace /usr/bin/python3 /usr/bin/s        0    12040    12271    14460 
 8207 codespace ./cli kernel images/4096x40        0   393348   393447   394936 
%CPU %MEM ARGS Mon Oct  5 02:01:29 UTC 2026
 0.0  0.0 grep --color=auto ./cli       0  2204
68.9  4.8 ./cli kernel images/4096x40   1 394936
  PID User     Command                         Swap      USS      PSS      RSS 
10546 codespace /usr/bin/python3 /usr/bin/s        0    12044    12280    14464 
 8207 codespace ./cli kernel images/4096x40        0   393348   393447   394936 
%CPU %MEM ARGS Mon Oct  5 02:01:30 UTC 2026
 0.0  0.0 grep --color=auto ./cli       1  2196
68.8  4.8 ./cli kernel images/4096x40   1 394936
  PID User     Command                         Swap      USS      PSS      RSS 
10554 codespace /usr/bin/python3 /usr/bin/s        0    12048    12299    14552 
 8207 codespace ./cli kernel images/4096x40        0   393348   393447   394936 
%CPU %MEM ARGS Mon Oct  5 02:01:30 UTC 2026
 0.0  0.0 grep --color=auto ./cli       0  2160
68.8  4.8 ./cli kernel images/4096x40   1 394936
  PID User     Command                         Swap      USS      PSS      RSS 
10563 codespace /usr/bin/python3 /usr/bin/s        0    12040    12271    14460 
 8207 codespace ./cli kernel images/4096x40        0   393348   393445   394936 
%CPU %MEM ARGS Mon Oct  5 02:01:31 UTC 2026
 0.0  0.0 grep --color=auto ./cli       0  2308
68.8  4.8 ./cli kernel images/4096x40   1 394936
  PID User     Command                         Swap      USS      PSS      RSS 
10568 codespace /usr/bin/python3 /usr/bin/s        0    12068    12314    14580 
 8207 codespace ./cli kernel images/4096x40        0   393348   393447   394936 
%CPU %MEM ARGS Mon Oct  5 02:01:31 UTC 2026
 0.0  0.0 grep --color=auto ./cli       0  2172
68.8  4.8 ./cli kernel images/4096x40   1 394936
  PID User     Command                         Swap      USS      PSS      RSS 
10574 codespace /usr/bin/python3 /usr/bin/s        0    12040    12273    14468 
 8207 codespace ./cli kernel images/4096x40        0   393348   393447   394936 
%CPU %MEM ARGS Mon Oct  5 02:01:31 UTC 2026
 0.0  0.0 grep --color=auto ./cli       0  2172
68.8  4.8 ./cli kernel images/4096x40   1 394936
  PID User     Command                         Swap      USS      PSS      RSS 
10579 codespace /usr/bin/python3 /usr/bin/s        0    12048    12299    14572 
 8207 codespace ./cli kernel images/4096x40        0   393348   393447   394936 
%CPU %MEM ARGS Mon Oct  5 02:01:32 UTC 2026
 0.0  0.0 grep --color=auto ./cli       1  2192
68.8  4.8 ./cli kernel images/4096x40   0 394936
  PID User     Command                         Swap      USS      PSS      RSS 
10584 codespace /usr/bin/python3 /usr/bin/s        0    12040    12280    14528 
 8207 codespace ./cli kernel images/4096x40        0   393348   393446   394936 
%CPU %MEM ARGS Mon Oct  5 02:01:32 UTC 2026
 0.0  0.0 grep --color=auto ./cli       0  2208
68.8  4.8 ./cli kernel images/4096x40   1 394936
  PID User     Command                         Swap      USS      PSS      RSS 
10590 codespace /usr/bin/python3 /usr/bin/s        0    12080    12336    14576 
 8207 codespace ./cli kernel images/4096x40        0   393348   393446   394936 
%CPU %MEM ARGS Mon Oct  5 02:01:32 UTC 2026
 0.0  0.0 grep --color=auto ./cli       1  2160
68.8  4.8 ./cli kernel images/4096x40   1 394936
  PID User     Command                         Swap      USS      PSS      RSS 
10601 codespace /usr/bin/python3 /usr/bin/s        0    12040    12253    14500 
 8207 codespace ./cli kernel images/4096x40        0   393348   393443   394936 
%CPU %MEM ARGS Mon Oct  5 02:01:33 UTC 2026
 0.0  0.0 grep --color=auto ./cli       0  2212
68.8  4.8 ./cli kernel images/4096x40   0 394936
  PID User     Command                         Swap      USS      PSS      RSS 
10606 codespace /usr/bin/python3 /usr/bin/s        0    12052    12303    14552 
 8207 codespace ./cli kernel images/4096x40        0   393348   393447   394936 
%CPU %MEM ARGS Mon Oct  5 02:01:33 UTC 2026
 0.0  0.0 grep --color=auto ./cli       1  2168
68.8  4.8 ./cli kernel images/4096x40   0 394936
  PID User     Command                         Swap      USS      PSS      RSS 
10618 codespace /usr/bin/python3 /usr/bin/s        0    12040    12282    14520 
 8207 codespace ./cli kernel images/4096x40        0   393348   393446   394936 
%CPU %MEM ARGS Mon Oct  5 02:01:34 UTC 2026
 0.0  0.0 grep --color=auto ./cli       1  2248
68.8  4.8 ./cli kernel images/4096x40   0 394936
  PID User     Command                         Swap      USS      PSS      RSS 
10623 codespace /usr/bin/python3 /usr/bin/s        0    12024    12264    14508 
 8207 codespace ./cli kernel images/4096x40        0   393348   393446   394936 
%CPU %MEM ARGS Mon Oct  5 02:01:34 UTC 2026
 0.0  0.0 grep --color=auto ./cli       0  2160
68.7  4.8 ./cli kernel images/4096x40   0 394936
  PID User     Command                         Swap      USS      PSS      RSS 
10647 codespace /usr/bin/python3 /usr/bin/s        0    12040    12279    14528 
 8207 codespace ./cli kernel images/4096x40        0   393348   393445   394936 
%CPU %MEM ARGS Mon Oct  5 02:01:34 UTC 2026
 0.0  0.0 grep --color=auto ./cli       1  2172
68.7  4.8 ./cli kernel images/4096x40   0 394936
  PID User     Command                         Swap      USS      PSS      RSS 
10652 codespace /usr/bin/python3 /usr/bin/s        0    12040    12279    14528 
 8207 codespace ./cli kernel images/4096x40        0   393348   393445   394936 
%CPU %MEM ARGS Mon Oct  5 02:01:35 UTC 2026
 0.0  0.0 grep --color=auto ./cli       1  2212
68.8  4.8 ./cli kernel images/4096x40   0 394936
  PID User     Command                         Swap      USS      PSS      RSS 
10657 codespace /usr/bin/python3 /usr/bin/s        0    12040    12281    14528 
 8207 codespace ./cli kernel images/4096x40        0   393348   393446   394936 
%CPU %MEM ARGS Mon Oct  5 02:01:35 UTC 2026
 0.0  0.0 grep --color=auto ./cli       1  2196
68.7  4.8 ./cli kernel images/4096x40   1 394936
  PID User     Command                         Swap      USS      PSS      RSS 
10663 codespace /usr/bin/python3 /usr/bin/s        0    12040    12279    14524 
 8207 codespace ./cli kernel images/4096x40        0   393348   393446   394936 
%CPU %MEM ARGS Mon Oct  5 02:01:36 UTC 2026
 0.0  0.0 grep --color=auto ./cli       1  2272
68.7  4.8 ./cli kernel images/4096x40   0 394936
  PID User     Command                         Swap      USS      PSS      RSS 
10668 codespace /usr/bin/python3 /usr/bin/s        0    12072    12318    14580 
 8207 codespace ./cli kernel images/4096x40        0   393348   393447   394936 
%CPU %MEM ARGS Mon Oct  5 02:01:36 UTC 2026
 0.0  0.0 grep --color=auto ./cli       0  2252
68.8  4.8 ./cli kernel images/4096x40   1 394936
  PID User     Command                         Swap      USS      PSS      RSS 
10674 codespace /usr/bin/python3 /usr/bin/s        0    12060    12310    14604 
 8207 codespace ./cli kernel images/4096x40        0   393348   393447   394936 
%CPU %MEM ARGS Mon Oct  5 02:01:36 UTC 2026
 0.0  0.0 grep --color=auto ./cli       0  2172
68.7  4.8 ./cli kernel images/4096x40   1 394936
  PID User     Command                         Swap      USS      PSS      RSS 
10685 codespace /usr/bin/python3 /usr/bin/s        0    12040    12280    14520 
 8207 codespace ./cli kernel images/4096x40        0   393348   393446   394936 
%CPU %MEM ARGS Mon Oct  5 02:01:37 UTC 2026
 0.0  0.0 grep --color=auto ./cli       1  2300
68.7  4.8 ./cli kernel images/4096x40   0 394936
  PID User     Command                         Swap      USS      PSS      RSS 
10690 codespace /usr/bin/python3 /usr/bin/s        0    12040    12286    14500 
 8207 codespace ./cli kernel images/4096x40        0   393348   393446   394936 
%CPU %MEM ARGS Mon Oct  5 02:01:37 UTC 2026
 0.0  0.0 grep --color=auto ./cli       1  2308
68.7  4.8 ./cli kernel images/4096x40   0 394936
  PID User     Command                         Swap      USS      PSS      RSS 
10696 codespace /usr/bin/python3 /usr/bin/s        0    12068    12312    14576 
 8207 codespace ./cli kernel images/4096x40        0   393348   393447   394936 
%CPU %MEM ARGS Mon Oct  5 02:01:38 UTC 2026
 0.0  0.0 grep --color=auto ./cli       1  2176
68.7  4.8 ./cli kernel images/4096x40   0 394936
  PID User     Command                         Swap      USS      PSS      RSS 
10701 codespace /usr/bin/python3 /usr/bin/s        0    12040    12287    14508 
 8207 codespace ./cli kernel images/4096x40        0   393348   393446   394936 
%CPU %MEM ARGS Mon Oct  5 02:01:38 UTC 2026
 0.0  0.0 grep --color=auto ./cli       1  2152
68.7  4.8 ./cli kernel images/4096x40   0 394936
  PID User     Command                         Swap      USS      PSS      RSS 
10713 codespace /usr/bin/python3 /usr/bin/s        0    12064    12294    14572 
 8207 codespace ./cli kernel images/4096x40        0   393348   393443   394936 
%CPU %MEM ARGS Mon Oct  5 02:01:38 UTC 2026
 0.0  0.0 grep --color=auto ./cli       1  2172
68.7  4.8 ./cli kernel images/4096x40   0 394936
  PID User     Command                         Swap      USS      PSS      RSS 
10718 codespace /usr/bin/python3 /usr/bin/s        0    12040    12278    14520 
 8207 codespace ./cli kernel images/4096x40        0   393348   393445   394936 
%CPU %MEM ARGS Mon Oct  5 02:01:39 UTC 2026
 0.0  0.0 grep --color=auto ./cli       1  2192
68.7  4.8 ./cli kernel images/4096x40   0 394936
  PID User     Command                         Swap      USS      PSS      RSS 
10723 codespace /usr/bin/python3 /usr/bin/s        0    12044    12274    14464 
 8207 codespace ./cli kernel images/4096x40        0   393348   393446   394936 
%CPU %MEM ARGS Mon Oct  5 02:01:39 UTC 2026
 0.0  0.0 grep --color=auto ./cli       0  2344
68.7  4.8 ./cli kernel images/4096x40   1 394936
  PID User     Command                         Swap      USS      PSS      RSS 
10729 codespace /usr/bin/python3 /usr/bin/s        0    12036    12228    14460 
 8207 codespace ./cli kernel images/4096x40        0   393348   393442   394936 
%CPU %MEM ARGS Mon Oct  5 02:01:40 UTC 2026
 0.0  0.0 grep --color=auto ./cli       0  2160
68.7  4.8 ./cli kernel images/4096x40   1 394936
  PID User     Command                         Swap      USS      PSS      RSS 
10740 codespace /usr/bin/python3 /usr/bin/s        0    12040    12274    14460 
 8207 codespace ./cli kernel images/4096x40        0   393348   393447   394936 
%CPU %MEM ARGS Mon Oct  5 02:01:40 UTC 2026
 0.0  0.0 grep --color=auto ./cli       1  2160
68.7  4.8 ./cli kernel images/4096x40   0 394936
  PID User     Command                         Swap      USS      PSS      RSS 
10746 codespace /usr/bin/python3 /usr/bin/s        0    12060    12308    14604 
 8207 codespace ./cli kernel images/4096x40        0   393348   393447   394936 
%CPU %MEM ARGS Mon Oct  5 02:01:40 UTC 2026
 0.0  0.0 grep --color=auto ./cli       1  2248
68.7  4.8 ./cli kernel images/4096x40   1 394936
  PID User     Command                         Swap      USS      PSS      RSS 
10751 codespace /usr/bin/python3 /usr/bin/s        0    12044    12283    14496 
 8207 codespace ./cli kernel images/4096x40        0   393348   393447   394936 
%CPU %MEM ARGS Mon Oct  5 02:01:41 UTC 2026
 0.0  0.0 grep --color=auto ./cli       1  2140
68.7  4.8 ./cli kernel images/4096x40   0 394936
  PID User     Command                         Swap      USS      PSS      RSS 
10756 codespace /usr/bin/python3 /usr/bin/s        0    12040    12270    14460 
 8207 codespace ./cli kernel images/4096x40        0   393348   393446   394936 
%CPU %MEM ARGS Mon Oct  5 02:01:41 UTC 2026
 0.0  0.0 grep --color=auto ./cli       0  2180
68.7  4.8 ./cli kernel images/4096x40   1 394936
  PID User     Command                         Swap      USS      PSS      RSS 
10762 codespace /usr/bin/python3 /usr/bin/s        0    12060    12310    14604 
 8207 codespace ./cli kernel images/4096x40        0   393348   393447   394936 
%CPU %MEM ARGS Mon Oct  5 02:01:41 UTC 2026
 0.0  0.0 grep --color=auto ./cli       1  2196
68.7  4.8 ./cli kernel images/4096x40   1 394936
  PID User     Command                         Swap      USS      PSS      RSS 
10767 codespace /usr/bin/python3 /usr/bin/s        0    12060    12310    14604 
 8207 codespace ./cli kernel images/4096x40        0   393348   393447   394936 
%CPU %MEM ARGS Mon Oct  5 02:01:42 UTC 2026
 0.0  0.0 grep --color=auto ./cli       1  2296
68.8  4.8 ./cli kernel images/4096x40   0 394936
  PID User     Command                         Swap      USS      PSS      RSS 
10772 codespace /usr/bin/python3 /usr/bin/s        0    12040    12261    14488 
 8207 codespace ./cli kernel images/4096x40        0   393348   393446   394936 
%CPU %MEM ARGS Mon Oct  5 02:01:42 UTC 2026
 0.0  0.0 grep --color=auto ./cli       1  2204
68.8  4.8 ./cli kernel images/4096x40   1 394936
  PID User     Command                         Swap      USS      PSS      RSS 
10778 codespace /usr/bin/python3 /usr/bin/s        0    12052    12303    14576 
 8207 codespace ./cli kernel images/4096x40        0   393348   393447   394936 
%CPU %MEM ARGS Mon Oct  5 02:01:43 UTC 2026
 0.0  0.0 grep --color=auto ./cli       0  2180
68.8  4.8 ./cli kernel images/4096x40   1 394936
  PID User     Command                         Swap      USS      PSS      RSS 
10789 codespace /usr/bin/python3 /usr/bin/s        0    12040    12261    14488 
 8207 codespace ./cli kernel images/4096x40        0   393348   393446   394936 
%CPU %MEM ARGS Mon Oct  5 02:01:43 UTC 2026
 0.0  0.0 grep --color=auto ./cli       0  2156
68.7  4.8 ./cli kernel images/4096x40   1 394936
  PID User     Command                         Swap      USS      PSS      RSS 
10794 codespace /usr/bin/python3 /usr/bin/s        0    12044    12284    14532 
 8207 codespace ./cli kernel images/4096x40        0   393348   393446   394936 
%CPU %MEM ARGS Mon Oct  5 02:01:43 UTC 2026
 0.0  0.0 grep --color=auto ./cli       0  2340
68.7  4.8 ./cli kernel images/4096x40   0 394936
  PID User     Command                         Swap      USS      PSS      RSS 
10800 codespace /usr/bin/python3 /usr/bin/s        0    12036    12249    14496 
 8207 codespace ./cli kernel images/4096x40        0   393348   393444   394936 
%CPU %MEM ARGS Mon Oct  5 02:01:44 UTC 2026
 0.0  0.0 grep --color=auto ./cli       0  2196
68.6  4.8 ./cli kernel images/4096x40   1 394936
  PID User     Command                         Swap      USS      PSS      RSS 
10811 codespace /usr/bin/python3 /usr/bin/s        0    12048    12292    14508 
 8207 codespace ./cli kernel images/4096x40        0   393348   393446   394936 
%CPU %MEM ARGS Mon Oct  5 02:01:44 UTC 2026
 0.0  0.0 grep --color=auto ./cli       0  2172
68.5  4.8 ./cli kernel images/4096x40   0 394936
  PID User     Command                         Swap      USS      PSS      RSS 
10829 codespace /usr/bin/python3 /usr/bin/s        0    12052    12303    14552 
 8207 codespace ./cli kernel images/4096x40        0   393348   393447   394936 
%CPU %MEM ARGS Mon Oct  5 02:01:45 UTC 2026
 0.0  0.0 grep --color=auto ./cli       0  2168
68.5  4.8 ./cli kernel images/4096x40   0 394936
  PID User     Command                         Swap      USS      PSS      RSS 
10840 codespace /usr/bin/python3 /usr/bin/s        0    12044    12275    14464 
 8207 codespace ./cli kernel images/4096x40        0   393348   393447   394936 
%CPU %MEM ARGS Mon Oct  5 02:01:45 UTC 2026
 0.0  0.0 grep --color=auto ./cli       1  2160
68.5  4.8 ./cli kernel images/4096x40   0 394936
  PID User     Command                         Swap      USS      PSS      RSS 
10846 codespace /usr/bin/python3 /usr/bin/s        0    12056    12292    14476 
 8207 codespace ./cli kernel images/4096x40        0   393348   393447   394936 
%CPU %MEM ARGS Mon Oct  5 02:01:45 UTC 2026
 0.0  0.0 grep --color=auto ./cli       0  2172
68.5  4.8 ./cli kernel images/4096x40   1 394936
  PID User     Command                         Swap      USS      PSS      RSS 
10852 codespace /usr/bin/python3 /usr/bin/s        0    12040    12286    14500 
 8207 codespace ./cli kernel images/4096x40        0   393348   393446   394936 
%CPU %MEM ARGS Mon Oct  5 02:01:46 UTC 2026
 0.0  0.0 grep --color=auto ./cli       1  2252
68.5  4.8 ./cli kernel images/4096x40   0 394936
  PID User     Command                         Swap      USS      PSS      RSS 
10862 codespace /usr/bin/python3 /usr/bin/s        0    12040    12275    14460 
 8207 codespace ./cli kernel images/4096x40        0   393348   393447   394936 
%CPU %MEM ARGS Mon Oct  5 02:01:46 UTC 2026
 0.0  0.0 grep --color=auto ./cli       1  2160
68.5  4.8 ./cli kernel images/4096x40   0 394936
  PID User     Command                         Swap      USS      PSS      RSS 
10868 codespace /usr/bin/python3 /usr/bin/s        0    12076    12332    14572 
 8207 codespace ./cli kernel images/4096x40        0   393348   393446   394936 
%CPU %MEM ARGS Mon Oct  5 02:01:47 UTC 2026
 0.0  0.0 grep --color=auto ./cli       0  2168
68.5  4.8 ./cli kernel images/4096x40   0 394936
  PID User     Command                         Swap      USS      PSS      RSS 
10873 codespace /usr/bin/python3 /usr/bin/s        0    12060    12310    14604 
 8207 codespace ./cli kernel images/4096x40        0   393348   393447   394936 
%CPU %MEM ARGS Mon Oct  5 02:01:47 UTC 2026
 0.0  0.0 grep --color=auto ./cli       1  2160
68.5  4.8 ./cli kernel images/4096x40   1 394936
  PID User     Command                         Swap      USS      PSS      RSS 
10878 codespace /usr/bin/python3 /usr/bin/s        0    12052    12303    14576 
 8207 codespace ./cli kernel images/4096x40        0   393348   393447   394936 
%CPU %MEM ARGS Mon Oct  5 02:01:47 UTC 2026
 0.0  0.0 grep --color=auto ./cli       0  2252
68.5  4.8 ./cli kernel images/4096x40   1 394936
  PID User     Command                         Swap      USS      PSS      RSS 
10884 codespace /usr/bin/python3 /usr/bin/s        0    12040    12273    14460 
 8207 codespace ./cli kernel images/4096x40        0   393348   393447   394936 
%CPU %MEM ARGS Mon Oct  5 02:01:48 UTC 2026
 0.0  0.0 grep --color=auto ./cli       1  2308
68.5  4.8 ./cli kernel images/4096x40   1 394936
  PID User     Command                         Swap      USS      PSS      RSS 
10889 codespace /usr/bin/python3 /usr/bin/s        0    12040    12279    14460 
 8207 codespace ./cli kernel images/4096x40        0   393348   393447   394936 
%CPU %MEM ARGS Mon Oct  5 02:01:48 UTC 2026
 0.0  0.0 grep --color=auto ./cli       0  2212
68.5  4.8 ./cli kernel images/4096x40   1 394936
  PID User     Command                         Swap      USS      PSS      RSS 
10895 codespace /usr/bin/python3 /usr/bin/s        0    12040    12272    14460 
 8207 codespace ./cli kernel images/4096x40        0   393348   393446   394936 
%CPU %MEM ARGS Mon Oct  5 02:01:48 UTC 2026
 0.0  0.0 grep --color=auto ./cli       1  2296
68.5  4.8 ./cli kernel images/4096x40   0 394936
  PID User     Command                         Swap      USS      PSS      RSS 
10900 codespace /usr/bin/python3 /usr/bin/s        0    12044    12280    14464 
 8207 codespace ./cli kernel images/4096x40        0   393348   393446   394936 
%CPU %MEM ARGS Mon Oct  5 02:01:49 UTC 2026
 0.0  0.0 grep --color=auto ./cli       1  2204
68.5  4.8 ./cli kernel images/4096x40   0 394936
  PID User     Command                         Swap      USS      PSS      RSS 
10911 codespace /usr/bin/python3 /usr/bin/s        0    12040    12279    14528 
 8207 codespace ./cli kernel images/4096x40        0   393348   393445   394936 
%CPU %MEM ARGS Mon Oct  5 02:01:49 UTC 2026
 0.0  0.0 grep --color=auto ./cli       1  2204
68.5  4.8 ./cli kernel images/4096x40   0 394936
  PID User     Command                         Swap      USS      PSS      RSS 
10924 codespace /usr/bin/python3 /usr/bin/s        0    12036    12246    14520 
 8207 codespace ./cli kernel images/4096x40        0   393348   393443   394936 
%CPU %MEM ARGS Mon Oct  5 02:01:49 UTC 2026
 0.0  0.0 grep --color=auto ./cli       1  2192
68.5  4.8 ./cli kernel images/4096x40   0 394936
  PID User     Command                         Swap      USS      PSS      RSS 
10929 codespace /usr/bin/python3 /usr/bin/s        0    12040    12280    14520 
 8207 codespace ./cli kernel images/4096x40        0   393348   393446   394936 
%CPU %MEM ARGS Mon Oct  5 02:01:50 UTC 2026
 0.0  0.0 grep --color=auto ./cli       0  2304
68.5  4.8 ./cli kernel images/4096x40   1 394936
  PID User     Command                         Swap      USS      PSS      RSS 
10934 codespace /usr/bin/python3 /usr/bin/s        0    12040    12283    14512 
 8207 codespace ./cli kernel images/4096x40        0   393348   393446   394936 
%CPU %MEM ARGS Mon Oct  5 02:01:50 UTC 2026
 0.0  0.0 grep --color=auto ./cli       0  2176
68.5  4.8 ./cli kernel images/4096x40   1 394936
  PID User     Command                         Swap      USS      PSS      RSS 
10940 codespace /usr/bin/python3 /usr/bin/s        0    12040    12280    14496 
 8207 codespace ./cli kernel images/4096x40        0   393348   393447   394936 
%CPU %MEM ARGS Mon Oct  5 02:01:50 UTC 2026
 0.0  0.0 grep --color=auto ./cli       0  2268
68.5  4.8 ./cli kernel images/4096x40   0 394936
  PID User     Command                         Swap      USS      PSS      RSS 
10945 codespace /usr/bin/python3 /usr/bin/s        0    12040    12285    14496 
 8207 codespace ./cli kernel images/4096x40        0   393348   393446   394936 
%CPU %MEM ARGS Mon Oct  5 02:01:51 UTC 2026
 0.0  0.0 grep --color=auto ./cli       1  2184
68.5  4.8 ./cli kernel images/4096x40   0 394936
  PID User     Command                         Swap      USS      PSS      RSS 
10950 codespace /usr/bin/python3 /usr/bin/s        0    12040    12280    14496 
 8207 codespace ./cli kernel images/4096x40        0   393348   393447   394936 
%CPU %MEM ARGS Mon Oct  5 02:01:51 UTC 2026
 0.0  0.0 grep --color=auto ./cli       0  2200
68.5  4.8 ./cli kernel images/4096x40   0 394936
  PID User     Command                         Swap      USS      PSS      RSS 
10956 codespace /usr/bin/python3 /usr/bin/s        0    12040    12285    14500 
 8207 codespace ./cli kernel images/4096x40        0   393348   393446   394936 
%CPU %MEM ARGS Mon Oct  5 02:01:52 UTC 2026
 0.0  0.0 grep --color=auto ./cli       0  2300
68.5  4.8 ./cli kernel images/4096x40   1 394936
  PID User     Command                         Swap      USS      PSS      RSS 
10961 codespace /usr/bin/python3 /usr/bin/s        0    12080    12310    14576 
 8207 codespace ./cli kernel images/4096x40        0   393348   393438   394936 
%CPU %MEM ARGS Mon Oct  5 02:01:52 UTC 2026
 0.0  0.0 grep --color=auto ./cli       0  2152
68.5  4.8 ./cli kernel images/4096x40   0 394936
  PID User     Command                         Swap      USS      PSS      RSS 
10972 codespace /usr/bin/python3 /usr/bin/s        0    12072    12327    14572 
 8207 codespace ./cli kernel images/4096x40        0   393348   393446   394936 
%CPU %MEM ARGS Mon Oct  5 02:01:52 UTC 2026
 0.0  0.0 grep --color=auto ./cli       0  2308
68.5  4.8 ./cli kernel images/4096x40   0 394936
  PID User     Command                         Swap      USS      PSS      RSS 
10978 codespace /usr/bin/python3 /usr/bin/s        0    12032    12267    14452 
 8207 codespace ./cli kernel images/4096x40        0   393348   393447   394936 
%CPU %MEM ARGS Mon Oct  5 02:01:53 UTC 2026
 0.0  0.0 grep --color=auto ./cli       1  2176
68.5  4.8 ./cli kernel images/4096x40   0 394936
  PID User     Command                         Swap      USS      PSS      RSS 
10983 codespace /usr/bin/python3 /usr/bin/s        0    12056    12302    14568 
 8207 codespace ./cli kernel images/4096x40        0   393348   393447   394936 
%CPU %MEM ARGS Mon Oct  5 02:01:53 UTC 2026
 0.0  0.0 grep --color=auto ./cli       0  2172
68.5  4.8 ./cli kernel images/4096x40   1 394936
  PID User     Command                         Swap      USS      PSS      RSS 
10989 codespace /usr/bin/python3 /usr/bin/s        0    12040    12280    14496 
 8207 codespace ./cli kernel images/4096x40        0   393348   393446   394936 
%CPU %MEM ARGS Mon Oct  5 02:01:53 UTC 2026
 0.0  0.0 grep --color=auto ./cli       0  2200
68.5  4.8 ./cli kernel images/4096x40   1 394936
  PID User     Command                         Swap      USS      PSS      RSS 
10994 codespace /usr/bin/python3 /usr/bin/s        0    12048    12283    14468 
 8207 codespace ./cli kernel images/4096x40        0   393348   393447   394936 
%CPU %MEM ARGS Mon Oct  5 02:01:54 UTC 2026
 0.0  0.0 grep --color=auto ./cli       0  2176
68.5  4.8 ./cli kernel images/4096x40   1 394936
  PID User     Command                         Swap      USS      PSS      RSS 
10999 codespace /usr/bin/python3 /usr/bin/s        0    12044    12279    14464 
 8207 codespace ./cli kernel images/4096x40        0   393348   393447   394936 
%CPU %MEM ARGS Mon Oct  5 02:01:54 UTC 2026
 0.0  0.0 grep --color=auto ./cli       0  2168
68.6  4.8 ./cli kernel images/4096x40   1 394936
  PID User     Command                         Swap      USS      PSS      RSS 
11005 codespace /usr/bin/python3 /usr/bin/s        0    12056    12298    14508 
 8207 codespace ./cli kernel images/4096x40        0   393348   393447   394936 
%CPU %MEM ARGS Mon Oct  5 02:01:55 UTC 2026
 0.0  0.0 grep --color=auto ./cli       1  2124
68.5  4.8 ./cli kernel images/4096x40   1 394936
  PID User     Command                         Swap      USS      PSS      RSS 
11010 codespace /usr/bin/python3 /usr/bin/s        0    12040    12265    14460 
 8207 codespace ./cli kernel images/4096x40        0   393348   393445   394936 
%CPU %MEM ARGS Mon Oct  5 02:01:55 UTC 2026
 0.0  0.0 grep --color=auto ./cli       1  2340
68.5  4.8 ./cli kernel images/4096x40   0 394936
  PID User     Command                         Swap      USS      PSS      RSS 
11040 codespace /usr/bin/python3 /usr/bin/s        0    12040    12278    14524 
 8207 codespace ./cli kernel images/4096x40        0   393348   393446   394936 
%CPU %MEM ARGS Mon Oct  5 02:01:55 UTC 2026
 0.0  0.0 grep --color=auto ./cli       0  2292
68.5  4.8 ./cli kernel images/4096x40   1 394936
  PID User     Command                         Swap      USS      PSS      RSS 
11049 codespace /usr/bin/python3 /usr/bin/s        0    12076    12329    14568 
 8207 codespace ./cli kernel images/4096x40        0   393348   393446   394936 
%CPU %MEM ARGS Mon Oct  5 02:01:56 UTC 2026
 0.0  0.0 grep --color=auto ./cli       0  2296
68.5  4.8 ./cli kernel images/4096x40   0 394936
  PID User     Command                         Swap      USS      PSS      RSS 
11054 codespace /usr/bin/python3 /usr/bin/s        0    12024    12274    14568 
 8207 codespace ./cli kernel images/4096x40        0   393348   393447   394936 
%CPU %MEM ARGS Mon Oct  5 02:01:56 UTC 2026
 0.0  0.0 grep --color=auto ./cli       0  2180
68.5  4.8 ./cli kernel images/4096x40   1 394936
  PID User     Command                         Swap      USS      PSS      RSS 
11060 codespace /usr/bin/python3 /usr/bin/s        0    12040    12280    14520 
 8207 codespace ./cli kernel images/4096x40        0   393348   393446   394936 
%CPU %MEM ARGS Mon Oct  5 02:01:56 UTC 2026
 0.0  0.0 grep --color=auto ./cli       1  2156
68.5  4.8 ./cli kernel images/4096x40   0 394936
  PID User     Command                         Swap      USS      PSS      RSS 
11065 codespace /usr/bin/python3 /usr/bin/s        0    12076    12331    14572 
 8207 codespace ./cli kernel images/4096x40        0   393348   393446   394936 
%CPU %MEM ARGS Mon Oct  5 02:01:57 UTC 2026
 0.0  0.0 grep --color=auto ./cli       0  2344
68.6  4.8 ./cli kernel images/4096x40   0 394936
  PID User     Command                         Swap      USS      PSS      RSS 
11070 codespace /usr/bin/python3 /usr/bin/s        0    12000    12230    14420 
 8207 codespace ./cli kernel images/4096x40        0   393348   393446   394936 
%CPU %MEM ARGS Mon Oct  5 02:01:57 UTC 2026
 0.0  0.0 grep --color=auto ./cli       1  2176
68.5  4.8 ./cli kernel images/4096x40   0 394936
  PID User     Command                         Swap      USS      PSS      RSS 
11076 codespace /usr/bin/python3 /usr/bin/s        0    12040    12281    14528 
 8207 codespace ./cli kernel images/4096x40        0   393348   393446   394936 
%CPU %MEM ARGS Mon Oct  5 02:01:58 UTC 2026
 0.0  0.0 grep --color=auto ./cli       0  2292
68.5  4.8 ./cli kernel images/4096x40   1 394936
  PID User     Command                         Swap      USS      PSS      RSS 
11081 codespace /usr/bin/python3 /usr/bin/s        0    12040    12279    14524 
 8207 codespace ./cli kernel images/4096x40        0   393348   393446   394936 
%CPU %MEM ARGS Mon Oct  5 02:01:58 UTC 2026
 0.0  0.0 grep --color=auto ./cli       0  2248
68.5  4.8 ./cli kernel images/4096x40   1 394936
  PID User     Command                         Swap      USS      PSS      RSS 
11086 codespace /usr/bin/python3 /usr/bin/s        0    12040    12270    14460 
 8207 codespace ./cli kernel images/4096x40        0   393348   393446   394936 
%CPU %MEM ARGS Mon Oct  5 02:01:58 UTC 2026
 0.0  0.0 grep --color=auto ./cli       0  2152
68.5  4.8 ./cli kernel images/4096x40   1 394936
  PID User     Command                         Swap      USS      PSS      RSS 
11098 codespace /usr/bin/python3 /usr/bin/s        0    12052    12300    14552 
 8207 codespace ./cli kernel images/4096x40        0   393348   393447   394936 
%CPU %MEM ARGS Mon Oct  5 02:01:59 UTC 2026
 0.0  0.0 grep --color=auto ./cli       1  2292
68.5  4.8 ./cli kernel images/4096x40   0 394936
  PID User     Command                         Swap      USS      PSS      RSS 
11103 codespace /usr/bin/python3 /usr/bin/s        0    12044    12282    14496 
 8207 codespace ./cli kernel images/4096x40        0   393348   393447   394936 
%CPU %MEM ARGS Mon Oct  5 02:01:59 UTC 2026
 0.0  0.0 grep --color=auto ./cli       0  2252
68.5  4.8 ./cli kernel images/4096x40   1 394936
  PID User     Command                         Swap      USS      PSS      RSS 
11108 codespace /usr/bin/python3 /usr/bin/s        0    12040    12271    14460 
 8207 codespace ./cli kernel images/4096x40        0   393348   393445   394936 
%CPU %MEM ARGS Mon Oct  5 02:01:59 UTC 2026
 0.0  0.0 grep --color=auto ./cli       0  2304
68.5  4.8 ./cli kernel images/4096x40   1 394936
  PID User     Command                         Swap      USS      PSS      RSS 
11114 codespace /usr/bin/python3 /usr/bin/s        0    12040    12279    14524 
 8207 codespace ./cli kernel images/4096x40        0   393348   393445   394936 
%CPU %MEM ARGS Mon Oct  5 02:02:00 UTC 2026
 0.0  0.0 grep --color=auto ./cli       0  2156
68.6  4.8 ./cli kernel images/4096x40   1 394936
  PID User     Command                         Swap      USS      PSS      RSS 
11119 codespace /usr/bin/python3 /usr/bin/s        0    12064    12310    14576 
 8207 codespace ./cli kernel images/4096x40        0   393348   393447   394936 
%CPU %MEM ARGS Mon Oct  5 02:02:00 UTC 2026
 0.0  0.0 grep --color=auto ./cli       0  2344
68.5  4.8 ./cli kernel images/4096x40   0 394936
  PID User     Command                         Swap      USS      PSS      RSS 
11125 codespace /usr/bin/python3 /usr/bin/s        0    12040    12278    14484 
 8207 codespace ./cli kernel images/4096x40        0   393348   393446   394936 
%CPU %MEM ARGS Mon Oct  5 02:02:01 UTC 2026
 0.0  0.0 grep --color=auto ./cli       1  2172
68.6  4.8 ./cli kernel images/4096x40   1 394936
  PID User     Command                         Swap      USS      PSS      RSS 
11136 codespace /usr/bin/python3 /usr/bin/s        0    12040    12266    14436 
 8207 codespace ./cli kernel images/4096x40        0   393348   393446   394936 
%CPU %MEM ARGS Mon Oct  5 02:02:01 UTC 2026
 0.0  0.0 grep --color=auto ./cli       0  2340
68.6  4.8 ./cli kernel images/4096x40   0 394936
  PID User     Command                         Swap      USS      PSS      RSS 
11141 codespace /usr/bin/python3 /usr/bin/s        0    12072    12315    14528 
 8207 codespace ./cli kernel images/4096x40        0   393348   393446   394936 
%CPU %MEM ARGS Mon Oct  5 02:02:01 UTC 2026
 0.0  0.0 grep --color=auto ./cli       1  2340
68.5  4.8 ./cli kernel images/4096x40   0 394936
  PID User     Command                         Swap      USS      PSS      RSS 
11151 codespace /usr/bin/python3 /usr/bin/s        0    12040    12279    14528 
 8207 codespace ./cli kernel images/4096x40        0   393348   393445   394936 
%CPU %MEM ARGS Mon Oct  5 02:02:02 UTC 2026
 0.0  0.0 grep --color=auto ./cli       0  2168
68.6  4.8 ./cli kernel images/4096x40   1 394936
  PID User     Command                         Swap      USS      PSS      RSS 
11158 codespace /usr/bin/python3 /usr/bin/s        0    12044    12283    14496 
 8207 codespace ./cli kernel images/4096x40        0   393348   393447   394936 
%CPU %MEM ARGS Mon Oct  5 02:02:02 UTC 2026
 0.0  0.0 grep --color=auto ./cli       1  2300
68.6  4.8 ./cli kernel images/4096x40   1 394936
  PID User     Command                         Swap      USS      PSS      RSS 
11164 codespace /usr/bin/python3 /usr/bin/s        0    12068    12312    14576 
 8207 codespace ./cli kernel images/4096x40        0   393348   393447   394936 
%CPU %MEM ARGS Mon Oct  5 02:02:03 UTC 2026
 0.0  0.0 grep --color=auto ./cli       1  2160
68.6  4.8 ./cli kernel images/4096x40   0 394936
  PID User     Command                         Swap      USS      PSS      RSS 
11169 codespace /usr/bin/python3 /usr/bin/s        0    12044    12271    14448 
 8207 codespace ./cli kernel images/4096x40        0   393348   393447   394936 
%CPU %MEM ARGS Mon Oct  5 02:02:03 UTC 2026
 0.0  0.0 grep --color=auto ./cli       0  2156
68.6  4.8 ./cli kernel images/4096x40   1 394936
  PID User     Command                         Swap      USS      PSS      RSS 
11174 codespace /usr/bin/python3 /usr/bin/s        0    12032    12268    14452 
 8207 codespace ./cli kernel images/4096x40        0   393348   393447   394936 
%CPU %MEM ARGS Mon Oct  5 02:02:03 UTC 2026
 0.0  0.0 grep --color=auto ./cli       0  2252
68.6  4.8 ./cli kernel images/4096x40   1 394936
  PID User     Command                         Swap      USS      PSS      RSS 
11180 codespace /usr/bin/python3 /usr/bin/s        0    12040    12275    14460 
 8207 codespace ./cli kernel images/4096x40        0   393348   393447   394936 
%CPU %MEM ARGS Mon Oct  5 02:02:04 UTC 2026
 0.0  0.0 grep --color=auto ./cli       1  2252
68.6  4.8 ./cli kernel images/4096x40   0 394936
  PID User     Command                         Swap      USS      PSS      RSS 
11185 codespace /usr/bin/python3 /usr/bin/s        0    12028    12284    14524 
 8207 codespace ./cli kernel images/4096x40        0   393348   393446   394936 
%CPU %MEM ARGS Mon Oct  5 02:02:04 UTC 2026
 0.0  0.0 grep --color=auto ./cli       0  2296
68.6  4.8 ./cli kernel images/4096x40   1 394936
  PID User     Command                         Swap      USS      PSS      RSS 
11190 codespace /usr/bin/python3 /usr/bin/s        0    12040    12287    14500 
 8207 codespace ./cli kernel images/4096x40        0   393348   393446   394936 
%CPU %MEM ARGS Mon Oct  5 02:02:04 UTC 2026
 0.0  0.0 grep --color=auto ./cli       1  2204
68.6  4.8 ./cli kernel images/4096x40   0 394936
  PID User     Command                         Swap      USS      PSS      RSS 
11196 codespace /usr/bin/python3 /usr/bin/s        0    12040    12273    14460 
 8207 codespace ./cli kernel images/4096x40        0   393348   393439   394936 
%CPU %MEM ARGS Mon Oct  5 02:02:05 UTC 2026
 0.0  0.0 grep --color=auto ./cli       0  2200
68.5  4.8 ./cli kernel images/4096x40   1 394936
  PID User     Command                         Swap      USS      PSS      RSS 
11207 codespace /usr/bin/python3 /usr/bin/s        0    12036    12268    14524 
 8207 codespace ./cli kernel images/4096x40        0   393348   393443   394936 
%CPU %MEM ARGS Mon Oct  5 02:02:05 UTC 2026
 0.0  0.0 grep --color=auto ./cli       1  2212
68.5  4.8 ./cli kernel images/4096x40   0 394936
  PID User     Command                         Swap      USS      PSS      RSS 
11232 codespace /usr/bin/python3 /usr/bin/s        0    12040    12275    14460 
 8207 codespace ./cli kernel images/4096x40        0   393348   393447   394936 
%CPU %MEM ARGS Mon Oct  5 02:02:06 UTC 2026
 0.0  0.0 grep --color=auto ./cli       1  2204
68.5  4.8 ./cli kernel images/4096x40   1 394936
  PID User     Command                         Swap      USS      PSS      RSS 
11237 codespace /usr/bin/python3 /usr/bin/s        0    12052    12302    14552 
 8207 codespace ./cli kernel images/4096x40        0   393348   393447   394936 
%CPU %MEM ARGS Mon Oct  5 02:02:06 UTC 2026
 0.0  0.0 grep --color=auto ./cli       1  2152
68.5  4.8 ./cli kernel images/4096x40   0 394936
  PID User     Command                         Swap      USS      PSS      RSS 
11248 codespace /usr/bin/python3 /usr/bin/s        0    12060    12294    14576 
 8207 codespace ./cli kernel images/4096x40        0   393348   393443   394936 
%CPU %MEM ARGS Mon Oct  5 02:02:06 UTC 2026
 0.0  0.0 grep --color=auto ./cli       1  2172
68.5  4.8 ./cli kernel images/4096x40   0 394936
  PID User     Command                         Swap      USS      PSS      RSS 
11254 codespace /usr/bin/python3 /usr/bin/s        0    12080    12335    14576 
 8207 codespace ./cli kernel images/4096x40        0   393348   393446   394936 
%CPU %MEM ARGS Mon Oct  5 02:02:07 UTC 2026
 0.0  0.0 grep --color=auto ./cli       1  2176
68.5  4.8 ./cli kernel images/4096x40   1 394936
  PID User     Command                         Swap      USS      PSS      RSS 
11259 codespace /usr/bin/python3 /usr/bin/s        0    12040    12272    14460 
 8207 codespace ./cli kernel images/4096x40        0   393348   393447   394936 
%CPU %MEM ARGS Mon Oct  5 02:02:07 UTC 2026
 0.0  0.0 grep --color=auto ./cli       0  2212
68.5  4.8 ./cli kernel images/4096x40   1 394936
  PID User     Command                         Swap      USS      PSS      RSS 
11264 codespace /usr/bin/python3 /usr/bin/s        0    12068    12313    14576 
 8207 codespace ./cli kernel images/4096x40        0   393348   393447   394936 
%CPU %MEM ARGS Mon Oct  5 02:02:07 UTC 2026
 0.0  0.0 grep --color=auto ./cli       1  2248
68.5  4.8 ./cli kernel images/4096x40   1 394936
  PID User     Command                         Swap      USS      PSS      RSS 
11270 codespace /usr/bin/python3 /usr/bin/s        0    12060    12308    14576 
 8207 codespace ./cli kernel images/4096x40        0   393348   393447   394936 
%CPU %MEM ARGS Mon Oct  5 02:02:08 UTC 2026
 0.0  0.0 grep --color=auto ./cli       1  2204
68.5  4.8 ./cli kernel images/4096x40   1 394936
  PID User     Command                         Swap      USS      PSS      RSS 
11279 codespace /usr/bin/python3 /usr/bin/s        0    12040    12280    14464 
 8207 codespace ./cli kernel images/4096x40        0   393348   393447   394936 
%CPU %MEM ARGS Mon Oct  5 02:02:08 UTC 2026
 0.0  0.0 grep --color=auto ./cli       0  2344
68.5  4.8 ./cli kernel images/4096x40   1 394936
  PID User     Command                         Swap      USS      PSS      RSS 
11287 codespace /usr/bin/python3 /usr/bin/s        0    12040    12279    14460 
 8207 codespace ./cli kernel images/4096x40        0   393348   393447   394936 
%CPU %MEM ARGS Mon Oct  5 02:02:08 UTC 2026
 0.0  0.0 grep --color=auto ./cli       1  2184
68.5  4.8 ./cli kernel images/4096x40   0 394936
  PID User     Command                         Swap      USS      PSS      RSS 
11292 codespace /usr/bin/python3 /usr/bin/s        0    12052    12303    14560 
 8207 codespace ./cli kernel images/4096x40        0   393348   393447   394936 
%CPU %MEM ARGS Mon Oct  5 02:02:09 UTC 2026
 0.0  0.0 grep --color=auto ./cli       1  2180
68.5  4.8 ./cli kernel images/4096x40   1 394936
  PID User     Command                         Swap      USS      PSS      RSS 
11297 codespace /usr/bin/python3 /usr/bin/s        0    12096    12351    14596 
 8207 codespace ./cli kernel images/4096x40        0   393348   393447   394936 
%CPU %MEM ARGS Mon Oct  5 02:02:09 UTC 2026
 0.0  0.0 grep --color=auto ./cli       0  2152
68.5  4.8 ./cli kernel images/4096x40   0 394936
  PID User     Command                         Swap      USS      PSS      RSS 
11303 codespace /usr/bin/python3 /usr/bin/s        0    12076    12321    14584 
 8207 codespace ./cli kernel images/4096x40        0   393348   393447   394936 
%CPU %MEM ARGS Mon Oct  5 02:02:10 UTC 2026
 0.0  0.0 grep --color=auto ./cli       0  2172
68.5  4.8 ./cli kernel images/4096x40   1 394936
  PID User     Command                         Swap      USS      PSS      RSS 
11308 codespace /usr/bin/python3 /usr/bin/s        0    12040    12274    14460 
 8207 codespace ./cli kernel images/4096x40        0   393348   393447   394936 
%CPU %MEM ARGS Mon Oct  5 02:02:10 UTC 2026
 0.0  0.0 grep --color=auto ./cli       0  2180
68.5  4.8 ./cli kernel images/4096x40   1 394936
  PID User     Command                         Swap      USS      PSS      RSS 
11313 codespace /usr/bin/python3 /usr/bin/s        0    12040    12283    14500 
 8207 codespace ./cli kernel images/4096x40        0   393348   393446   394936 
%CPU %MEM ARGS Mon Oct  5 02:02:10 UTC 2026
 0.0  0.0 grep --color=auto ./cli       1  2192
68.5  4.8 ./cli kernel images/4096x40   0 394936
  PID User     Command                         Swap      USS      PSS      RSS 
11319 codespace /usr/bin/python3 /usr/bin/s        0    12040    12266    14408 
 8207 codespace ./cli kernel images/4096x40        0   393348   393447   394936 
%CPU %MEM ARGS Mon Oct  5 02:02:11 UTC 2026
 0.0  0.0 grep --color=auto ./cli       0  2152
68.5  4.8 ./cli kernel images/4096x40   0 394936
  PID User     Command                         Swap      USS      PSS      RSS 
11324 codespace /usr/bin/python3 /usr/bin/s        0    12040    12285    14512 
 8207 codespace ./cli kernel images/4096x40        0   393348   393446   394936 
%CPU %MEM ARGS Mon Oct  5 02:02:11 UTC 2026
 0.0  0.0 grep --color=auto ./cli       0  2208
68.5  4.8 ./cli kernel images/4096x40   1 394936
  PID User     Command                         Swap      USS      PSS      RSS 
11336 codespace /usr/bin/python3 /usr/bin/s        0    12040    12275    14460 
 8207 codespace ./cli kernel images/4096x40        0   393348   393447   394936 
%CPU %MEM ARGS Mon Oct  5 02:02:12 UTC 2026
 0.0  0.0 grep --color=auto ./cli       0  2168
68.5  4.8 ./cli kernel images/4096x40   1 394936
  PID User     Command                         Swap      USS      PSS      RSS 
11341 codespace /usr/bin/python3 /usr/bin/s        0    12068    12295    14572 
 8207 codespace ./cli kernel images/4096x40        0   393348   393443   394936 
%CPU %MEM ARGS Mon Oct  5 02:02:12 UTC 2026
 0.0  0.0 grep --color=auto ./cli       1  2160
68.5  4.8 ./cli kernel images/4096x40   1 394936
  PID User     Command                         Swap      USS      PSS      RSS 
11353 codespace /usr/bin/python3 /usr/bin/s        0    12040    12280    14496 
 8207 codespace ./cli kernel images/4096x40        0   393348   393446   394936 
%CPU %MEM ARGS Mon Oct  5 02:02:12 UTC 2026
 0.0  0.0 grep --color=auto ./cli       0  2176
68.5  4.8 ./cli kernel images/4096x40   0 394936
  PID User     Command                         Swap      USS      PSS      RSS 
11359 codespace /usr/bin/python3 /usr/bin/s        0    12060    12281    14536 
 8207 codespace ./cli kernel images/4096x40        0   393348   393447   394936 
%CPU %MEM ARGS Mon Oct  5 02:02:13 UTC 2026
 0.0  0.0 grep --color=auto ./cli       1  2164
68.5  4.8 ./cli kernel images/4096x40   0 394936
  PID User     Command                         Swap      USS      PSS      RSS 
11364 codespace /usr/bin/python3 /usr/bin/s        0    12024    12278    14520 
 8207 codespace ./cli kernel images/4096x40        0   393348   393446   394936 
%CPU %MEM ARGS Mon Oct  5 02:02:13 UTC 2026
 0.0  0.0 grep --color=auto ./cli       0  2204
68.5  4.8 ./cli kernel images/4096x40   1 394936
  PID User     Command                         Swap      USS      PSS      RSS 
11370 codespace /usr/bin/python3 /usr/bin/s        0    12040    12258    14432 
 8207 codespace ./cli kernel images/4096x40        0   393348   393447   394936 
%CPU %MEM ARGS Mon Oct  5 02:02:14 UTC 2026
 0.0  0.0 grep --color=auto ./cli       0  2204
68.5  4.8 ./cli kernel images/4096x40   1 394936
  PID User     Command                         Swap      USS      PSS      RSS 
11375 codespace /usr/bin/python3 /usr/bin/s        0    11984    12226    14464 
 8207 codespace ./cli kernel images/4096x40        0   393348   393446   394936 
%CPU %MEM ARGS Mon Oct  5 02:02:14 UTC 2026
 0.0  0.0 grep --color=auto ./cli       0  2192
68.5  4.8 ./cli kernel images/4096x40   1 394936
  PID User     Command                         Swap      USS      PSS      RSS 
11380 codespace /usr/bin/python3 /usr/bin/s        0    12040    12284    14496 
 8207 codespace ./cli kernel images/4096x40        0   393348   393446   394936 
%CPU %MEM ARGS Mon Oct  5 02:02:14 UTC 2026
 0.0  0.0 grep --color=auto ./cli       0  2192
68.5  4.8 ./cli kernel images/4096x40   1 394936
  PID User     Command                         Swap      USS      PSS      RSS 
11392 codespace /usr/bin/python3 /usr/bin/s        0    12044    12284    14532 
 8207 codespace ./cli kernel images/4096x40        0   393348   393445   394936 
%CPU %MEM ARGS Mon Oct  5 02:02:15 UTC 2026
 0.0  0.0 grep --color=auto ./cli       0  2196
68.5  4.8 ./cli kernel images/4096x40   1 394936
  PID User     Command                         Swap      USS      PSS      RSS 
11397 codespace /usr/bin/python3 /usr/bin/s        0    12040    12276    14460 
 8207 codespace ./cli kernel images/4096x40        0   393348   393447   394936 
%CPU %MEM ARGS Mon Oct  5 02:02:15 UTC 2026
 0.0  0.0 grep --color=auto ./cli       0  2204
68.5  4.8 ./cli kernel images/4096x40   1 394936
  PID User     Command                         Swap      USS      PSS      RSS 
11403 codespace /usr/bin/python3 /usr/bin/s        0    12040    12271    14460 
 8207 codespace ./cli kernel images/4096x40        0   393348   393446   394936 
%CPU %MEM ARGS Mon Oct  5 02:02:16 UTC 2026
 0.0  0.0 grep --color=auto ./cli       0  2156
68.4  4.8 ./cli kernel images/4096x40   1 394936
  PID User     Command                         Swap      USS      PSS      RSS 
11427 codespace /usr/bin/python3 /usr/bin/s        0    12056    12289    14476 
 8207 codespace ./cli kernel images/4096x40        0   393348   393447   394936 
%CPU %MEM ARGS Mon Oct  5 02:02:16 UTC 2026
 0.0  0.0 grep --color=auto ./cli       0  2292
68.4  4.8 ./cli kernel images/4096x40   0 394936
  PID User     Command                         Swap      USS      PSS      RSS 
11432 codespace /usr/bin/python3 /usr/bin/s        0    12040    12273    14460 
 8207 codespace ./cli kernel images/4096x40        0   393348   393447   394936 
%CPU %MEM ARGS Mon Oct  5 02:02:16 UTC 2026
 0.0  0.0 grep --color=auto ./cli       0  2152
68.5  4.8 ./cli kernel images/4096x40   1 394936
  PID User     Command                         Swap      USS      PSS      RSS 
11438 codespace /usr/bin/python3 /usr/bin/s        0    12040    12278    14484 
 8207 codespace ./cli kernel images/4096x40        0   393348   393446   394936 
%CPU %MEM ARGS Mon Oct  5 02:02:17 UTC 2026
 0.0  0.0 grep --color=auto ./cli       1  2164
68.5  4.8 ./cli kernel images/4096x40   0 394936
  PID User     Command                         Swap      USS      PSS      RSS 
11443 codespace /usr/bin/python3 /usr/bin/s        0    12040    12276    14460 
 8207 codespace ./cli kernel images/4096x40        0   393348   393447   394936 
%CPU %MEM ARGS Mon Oct  5 02:02:17 UTC 2026
 0.0  0.0 grep --color=auto ./cli       1  2192
68.5  4.8 ./cli kernel images/4096x40   0 394936
  PID User     Command                         Swap      USS      PSS      RSS 
11456 codespace /usr/bin/python3 /usr/bin/s        0    12040    12281    14520 
 8207 codespace ./cli kernel images/4096x40        0   393348   393446   394936 
%CPU %MEM ARGS Mon Oct  5 02:02:18 UTC 2026
 0.0  0.0 grep --color=auto ./cli       0  2180
68.4  4.8 ./cli kernel images/4096x40   0 394936
  PID User     Command                         Swap      USS      PSS      RSS 
11467 codespace /usr/bin/python3 /usr/bin/s        0    12044    12285    14532 
 8207 codespace ./cli kernel images/4096x40        0   393348   393446   394936 
%CPU %MEM ARGS Mon Oct  5 02:02:18 UTC 2026
 0.0  0.0 grep --color=auto ./cli       1  2212
68.4  4.8 ./cli kernel images/4096x40   0 394936
  PID User     Command                         Swap      USS      PSS      RSS 
11472 codespace /usr/bin/python3 /usr/bin/s        0    12072    12318    14532 
 8207 codespace ./cli kernel images/4096x40        0   393348   393446   394936 
%CPU %MEM ARGS Mon Oct  5 02:02:18 UTC 2026
 0.0  0.0 grep --color=auto ./cli       0  2212
68.4  4.8 ./cli kernel images/4096x40   1 394936
  PID User     Command                         Swap      USS      PSS      RSS 
11478 codespace /usr/bin/python3 /usr/bin/s        0    12052    12300    14552 
 8207 codespace ./cli kernel images/4096x40        0   393348   393447   394936 
%CPU %MEM ARGS Mon Oct  5 02:02:19 UTC 2026
 0.0  0.0 grep --color=auto ./cli       1  2160
68.4  4.8 ./cli kernel images/4096x40   0 394936
  PID User     Command                         Swap      USS      PSS      RSS 
11483 codespace /usr/bin/python3 /usr/bin/s        0    12068    12316    14612 
 8207 codespace ./cli kernel images/4096x40        0   393348   393447   394936 
%CPU %MEM ARGS Mon Oct  5 02:02:19 UTC 2026
 0.0  0.0 grep --color=auto ./cli       0  2168
68.5  4.8 ./cli kernel images/4096x40   1 394936
  PID User     Command                         Swap      USS      PSS      RSS 
11488 codespace /usr/bin/python3 /usr/bin/s        0    12040    12298    14504 
 8207 codespace ./cli kernel images/4096x40        0   393348   393446   394936 
%CPU %MEM ARGS Mon Oct  5 02:02:19 UTC 2026
 0.0  0.0 grep --color=auto ./cli       1  2172
68.5  4.8 ./cli kernel images/4096x40   0 394936
  PID User     Command                         Swap      USS      PSS      RSS 
11494 codespace /usr/bin/python3 /usr/bin/s        0    12044    12288    14500 
 8207 codespace ./cli kernel images/4096x40        0   393348   393446   394936 
%CPU %MEM ARGS Mon Oct  5 02:02:20 UTC 2026
 0.0  0.0 grep --color=auto ./cli       0  2256
68.5  4.8 ./cli kernel images/4096x40   1 394936
  PID User     Command                         Swap      USS      PSS      RSS 
11499 codespace /usr/bin/python3 /usr/bin/s        0    12044    12296    14552 
 8207 codespace ./cli kernel images/4096x40        0   393348   393447   394936 
%CPU %MEM ARGS Mon Oct  5 02:02:20 UTC 2026
 0.0  0.0 grep --color=auto ./cli       0  2344
68.5  4.8 ./cli kernel images/4096x40   1 394936
  PID User     Command                         Swap      USS      PSS      RSS 
11504 codespace /usr/bin/python3 /usr/bin/s        0    12076    12321    14584 
 8207 codespace ./cli kernel images/4096x40        0   393348   393447   394936 
%CPU %MEM ARGS Mon Oct  5 02:02:20 UTC 2026
 0.0  0.0 grep --color=auto ./cli       0  2252
68.5  4.8 ./cli kernel images/4096x40   1 394936
  PID User     Command                         Swap      USS      PSS      RSS 
11510 codespace /usr/bin/python3 /usr/bin/s        0    12044    12283    14468 
 8207 codespace ./cli kernel images/4096x40        0   393348   393447   394936 
%CPU %MEM ARGS Mon Oct  5 02:02:21 UTC 2026
 0.0  0.0 grep --color=auto ./cli       0  2304
68.4  4.8 ./cli kernel images/4096x40   0 394936
  PID User     Command                         Swap      USS      PSS      RSS 
11521 codespace /usr/bin/python3 /usr/bin/s        0    12060    12310    14604 
 8207 codespace ./cli kernel images/4096x40        0   393348   393447   394936 
%CPU %MEM ARGS Mon Oct  5 02:02:21 UTC 2026
 0.0  0.0 grep --color=auto ./cli       1  2160
68.4  4.8 ./cli kernel images/4096x40   0 394936
  PID User     Command                         Swap      USS      PSS      RSS 
11527 codespace /usr/bin/python3 /usr/bin/s        0    12040    12272    14460 
 8207 codespace ./cli kernel images/4096x40        0   393348   393446   394936 
%CPU %MEM ARGS Mon Oct  5 02:02:22 UTC 2026
 0.0  0.0 grep --color=auto ./cli       1  2196
68.4  4.8 ./cli kernel images/4096x40   0 394936
  PID User     Command                         Swap      USS      PSS      RSS 
11532 codespace /usr/bin/python3 /usr/bin/s        0    12048    12291    14500 
 8207 codespace ./cli kernel images/4096x40        0   393348   393447   394936 
%CPU %MEM ARGS Mon Oct  5 02:02:22 UTC 2026
 0.0  0.0 grep --color=auto ./cli       0  2288
68.5  4.8 ./cli kernel images/4096x40   1 394936
  PID User     Command                         Swap      USS      PSS      RSS 
11537 codespace /usr/bin/python3 /usr/bin/s        0    12048    12279    14452 
 8207 codespace ./cli kernel images/4096x40        0   393348   393447   394936 
%CPU %MEM ARGS Mon Oct  5 02:02:22 UTC 2026
 0.0  0.0 grep --color=auto ./cli       1  2156
68.5  4.8 ./cli kernel images/4096x40   0 394936
  PID User     Command                         Swap      USS      PSS      RSS 
11543 codespace /usr/bin/python3 /usr/bin/s        0    12036    12288    14544 
 8207 codespace ./cli kernel images/4096x40        0   393348   393447   394936 
%CPU %MEM ARGS Mon Oct  5 02:02:23 UTC 2026
 0.0  0.0 grep --color=auto ./cli       0  2176
68.5  4.8 ./cli kernel images/4096x40   0 394936
  PID User     Command                         Swap      USS      PSS      RSS 
11548 codespace /usr/bin/python3 /usr/bin/s        0    12036    12248    14520 
 8207 codespace ./cli kernel images/4096x40        0   393348   393443   394936 
%CPU %MEM ARGS Mon Oct  5 02:02:23 UTC 2026
 0.0  0.0 grep --color=auto ./cli       0  2128
68.4  4.8 ./cli kernel images/4096x40   1 394936
  PID User     Command                         Swap      USS      PSS      RSS 
11559 codespace /usr/bin/python3 /usr/bin/s        0    12080    12335    14576 
 8207 codespace ./cli kernel images/4096x40        0   393348   393446   394936 
%CPU %MEM ARGS Mon Oct  5 02:02:23 UTC 2026
 0.0  0.0 grep --color=auto ./cli       0  2152
68.4  4.8 ./cli kernel images/4096x40   0 394936
  PID User     Command                         Swap      USS      PSS      RSS 
11565 codespace /usr/bin/python3 /usr/bin/s        0    12040    12275    14460 
 8207 codespace ./cli kernel images/4096x40        0   393348   393447   394936 
%CPU %MEM ARGS Mon Oct  5 02:02:24 UTC 2026
 0.0  0.0 grep --color=auto ./cli       0  2180
68.4  4.8 ./cli kernel images/4096x40   0 394936
  PID User     Command                         Swap      USS      PSS      RSS 
11570 codespace /usr/bin/python3 /usr/bin/s        0    12040    12280    14512 
 8207 codespace ./cli kernel images/4096x40        0   393348   393446   394936 
%CPU %MEM ARGS Mon Oct  5 02:02:24 UTC 2026
 0.0  0.0 grep --color=auto ./cli       1  2164
68.4  4.8 ./cli kernel images/4096x40   1 394936
  PID User     Command                         Swap      USS      PSS      RSS 
11581 codespace /usr/bin/python3 /usr/bin/s        0    12060    12321    14572 
 8207 codespace ./cli kernel images/4096x40        0   393348   393446   394936 
%CPU %MEM ARGS Mon Oct  5 02:02:25 UTC 2026
 0.0  0.0 grep --color=auto ./cli       0  2248
68.4  4.8 ./cli kernel images/4096x40   1 394936
  PID User     Command                         Swap      USS      PSS      RSS 
11587 codespace /usr/bin/python3 /usr/bin/s        0    12040    12279    14460 
 8207 codespace ./cli kernel images/4096x40        0   393348   393447   394936 
%CPU %MEM ARGS Mon Oct  5 02:02:25 UTC 2026
 0.0  0.0 grep --color=auto ./cli       0  2196
68.4  4.8 ./cli kernel images/4096x40   1 394936
  PID User     Command                         Swap      USS      PSS      RSS 
11592 codespace /usr/bin/python3 /usr/bin/s        0    12040    12279    14524 
 8207 codespace ./cli kernel images/4096x40        0   393348   393446   394936 
%CPU %MEM ARGS Mon Oct  5 02:02:25 UTC 2026
 0.0  0.0 grep --color=auto ./cli       0  2156
68.5  4.8 ./cli kernel images/4096x40   1 394936
  PID User     Command                         Swap      USS      PSS      RSS 
11597 codespace /usr/bin/python3 /usr/bin/s        0    12072    12320    14616 
 8207 codespace ./cli kernel images/4096x40        0   393348   393447   394936 
%CPU %MEM ARGS Mon Oct  5 02:02:25 UTC 2026
 0.0  0.0 grep --color=auto ./cli       0  2204
68.4  4.8 ./cli kernel images/4096x40   1 394936
  PID User     Command                         Swap      USS      PSS      RSS 
11603 codespace /usr/bin/python3 /usr/bin/s        0    12076    12329    14572 
 8207 codespace ./cli kernel images/4096x40        0   393348   393446   394936 
%CPU %MEM ARGS Mon Oct  5 02:02:26 UTC 2026
 0.0  0.0 grep --color=auto ./cli       0  1812
68.4  4.8 ./cli kernel images/4096x40   0 394936
  PID User     Command                         Swap      USS      PSS      RSS 
11624 codespace /usr/bin/python3 /usr/bin/s        0    12044    12287    14500 
 8207 codespace ./cli kernel images/4096x40        0   393348   393446   394936 
%CPU %MEM ARGS Mon Oct  5 02:02:26 UTC 2026
 0.0  0.0 grep --color=auto ./cli       0  2208
68.4  4.8 ./cli kernel images/4096x40   0 394936
  PID User     Command                         Swap      USS      PSS      RSS 
11631 codespace /usr/bin/python3 /usr/bin/s        0    12040    12279    14524 
 8207 codespace ./cli kernel images/4096x40        0   393348   393446   394936 
%CPU %MEM ARGS Mon Oct  5 02:02:27 UTC 2026
 0.0  0.0 grep --color=auto ./cli       0  2296
68.4  4.8 ./cli kernel images/4096x40   0 394936
  PID User     Command                         Swap      USS      PSS      RSS 
11636 codespace /usr/bin/python3 /usr/bin/s        0    12052    12303    14552 
 8207 codespace ./cli kernel images/4096x40        0   393348   393447   394936 
%CPU %MEM ARGS Mon Oct  5 02:02:27 UTC 2026
 0.0  0.0 grep --color=auto ./cli       0  2160
68.4  4.8 ./cli kernel images/4096x40   1 394936
  PID User     Command                         Swap      USS      PSS      RSS 
11641 codespace /usr/bin/python3 /usr/bin/s        0    12048    12302    14604 
 8207 codespace ./cli kernel images/4096x40        0   393348   393447   394936 
%CPU %MEM ARGS Mon Oct  5 02:02:27 UTC 2026
 0.0  0.0 grep --color=auto ./cli       1  2180
68.4  4.8 ./cli kernel images/4096x40   0 394936
  PID User     Command                         Swap      USS      PSS      RSS 
11653 codespace /usr/bin/python3 /usr/bin/s        0    12044    12285    14516 
 8207 codespace ./cli kernel images/4096x40        0   393348   393446   394936 
%CPU %MEM ARGS Mon Oct  5 02:02:28 UTC 2026
 0.0  0.0 grep --color=auto ./cli       1  2208
68.4  4.8 ./cli kernel images/4096x40   0 394936
  PID User     Command                         Swap      USS      PSS      RSS 
11658 codespace /usr/bin/python3 /usr/bin/s        0    12044    12291    14504 
 8207 codespace ./cli kernel images/4096x40        0   393348   393446   394936 
%CPU %MEM ARGS Mon Oct  5 02:02:28 UTC 2026
 0.0  0.0 grep --color=auto ./cli       0  2156
68.4  4.8 ./cli kernel images/4096x40   1 394936
  PID User     Command                         Swap      USS      PSS      RSS 
11663 codespace /usr/bin/python3 /usr/bin/s        0    12040    12283    14500 
 8207 codespace ./cli kernel images/4096x40        0   393348   393446   394936 
%CPU %MEM ARGS Mon Oct  5 02:02:29 UTC 2026
 0.0  0.0 grep --color=auto ./cli       0  2308
68.4  4.8 ./cli kernel images/4096x40   1 394936
  PID User     Command                         Swap      USS      PSS      RSS 
11675 codespace /usr/bin/python3 /usr/bin/s        0    12040    12279    14524 
 8207 codespace ./cli kernel images/4096x40        0   393348   393446   394936 
%CPU %MEM ARGS Mon Oct  5 02:02:29 UTC 2026
 0.0  0.0 grep --color=auto ./cli       0  2176
68.4  4.8 ./cli kernel images/4096x40   1 394936
  PID User     Command                         Swap      USS      PSS      RSS 
11680 codespace /usr/bin/python3 /usr/bin/s        0    12040    12271    14460 
 8207 codespace ./cli kernel images/4096x40        0   393348   393446   394936 
%CPU %MEM ARGS Mon Oct  5 02:02:29 UTC 2026
 0.0  0.0 grep --color=auto ./cli       1  2176
68.4  4.8 ./cli kernel images/4096x40   0 394936
  PID User     Command                         Swap      USS      PSS      RSS 
11686 codespace /usr/bin/python3 /usr/bin/s        0    12040    12275    14452 
 8207 codespace ./cli kernel images/4096x40        0   393348   393447   394936 
%CPU %MEM ARGS Mon Oct  5 02:02:30 UTC 2026
 0.0  0.0 grep --color=auto ./cli       0  2300
68.4  4.8 ./cli kernel images/4096x40   0 394936
  PID User     Command                         Swap      USS      PSS      RSS 
11691 codespace /usr/bin/python3 /usr/bin/s        0    12052    12303    14552 
 8207 codespace ./cli kernel images/4096x40        0   393348   393447   394936 
%CPU %MEM ARGS Mon Oct  5 02:02:30 UTC 2026
 0.0  0.0 grep --color=auto ./cli       1  2340
68.4  4.8 ./cli kernel images/4096x40   0 394936
  PID User     Command                         Swap      USS      PSS      RSS 
11696 codespace /usr/bin/python3 /usr/bin/s        0    12068    12315    14576 
 8207 codespace ./cli kernel images/4096x40        0   393348   393447   394936 
%CPU %MEM ARGS Mon Oct  5 02:02:30 UTC 2026
 0.0  0.0 grep --color=auto ./cli       1  2288
68.4  4.8 ./cli kernel images/4096x40   0 394936
  PID User     Command                         Swap      USS      PSS      RSS 
11701 codespace /usr/bin/python3 /usr/bin/s        0    12048    12286    14500 
 8207 codespace ./cli kernel images/4096x40        0   393348   393447   394936 
%CPU %MEM ARGS Mon Oct  5 02:02:31 UTC 2026
 0.0  0.0 grep --color=auto ./cli       0  2152
68.4  4.8 ./cli kernel images/4096x40   1 394936
  PID User     Command                         Swap      USS      PSS      RSS 
11713 codespace /usr/bin/python3 /usr/bin/s        0    12040    12277    14524 
 8207 codespace ./cli kernel images/4096x40        0   393348   393446   394936 
%CPU %MEM ARGS Mon Oct  5 02:02:31 UTC 2026
 0.0  0.0 grep --color=auto ./cli       1  2292
68.4  4.8 ./cli kernel images/4096x40   1 394936
  PID User     Command                         Swap      USS      PSS      RSS 
11718 codespace /usr/bin/python3 /usr/bin/s        0    12016    12257    14488 
 8207 codespace ./cli kernel images/4096x40        0   393348   393446   394936 
%CPU %MEM ARGS Mon Oct  5 02:02:31 UTC 2026
 0.0  0.0 grep --color=auto ./cli       0  2160
68.4  4.8 ./cli kernel images/4096x40   0 394936
  PID User     Command                         Swap      USS      PSS      RSS 
11724 codespace /usr/bin/python3 /usr/bin/s        0    12040    12277    14460 
 8207 codespace ./cli kernel images/4096x40        0   393348   393447   394936 
%CPU %MEM ARGS Mon Oct  5 02:02:32 UTC 2026
 0.0  0.0 grep --color=auto ./cli       1  2208
68.4  4.8 ./cli kernel images/4096x40   1 394936
  PID User     Command                         Swap      USS      PSS      RSS 
11729 codespace /usr/bin/python3 /usr/bin/s        0    12072    12327    14572 
 8207 codespace ./cli kernel images/4096x40        0   393348   393446   394936 
%CPU %MEM ARGS Mon Oct  5 02:02:32 UTC 2026
 0.0  0.0 grep --color=auto ./cli       1  2180
68.4  4.8 ./cli kernel images/4096x40   0 394936
  PID User     Command                         Swap      USS      PSS      RSS 
11734 codespace /usr/bin/python3 /usr/bin/s        0    12040    12280    14496 
 8207 codespace ./cli kernel images/4096x40        0   393348   393447   394936 
%CPU %MEM ARGS Mon Oct  5 02:02:32 UTC 2026
 0.0  0.0 grep --color=auto ./cli       0  2176
68.4  4.8 ./cli kernel images/4096x40   1 394936
  PID User     Command                         Swap      USS      PSS      RSS 
11740 codespace /usr/bin/python3 /usr/bin/s        0    12020    12259    14508 
 8207 codespace ./cli kernel images/4096x40        0   393348   393445   394936 
%CPU %MEM ARGS Mon Oct  5 02:02:33 UTC 2026
 0.0  0.0 grep --color=auto ./cli       1  2208
68.4  4.8 ./cli kernel images/4096x40   0 394936
  PID User     Command                         Swap      USS      PSS      RSS 
11745 codespace /usr/bin/python3 /usr/bin/s        0    12040    12284    14496 
 8207 codespace ./cli kernel images/4096x40        0   393348   393446   394936 
%CPU %MEM ARGS Mon Oct  5 02:02:33 UTC 2026
 0.0  0.0 grep --color=auto ./cli       1  2156
68.4  4.8 ./cli kernel images/4096x40   0 394936
  PID User     Command                         Swap      USS      PSS      RSS 
11750 codespace /usr/bin/python3 /usr/bin/s        0    12040    12279    14524 
 8207 codespace ./cli kernel images/4096x40        0   393348   393446   394936 
%CPU %MEM ARGS Mon Oct  5 02:02:34 UTC 2026
 0.0  0.0 grep --color=auto ./cli       0  2300
68.4  4.8 ./cli kernel images/4096x40   1 394936
  PID User     Command                         Swap      USS      PSS      RSS 
11756 codespace /usr/bin/python3 /usr/bin/s        0    12080    12326    14588 
 8207 codespace ./cli kernel images/4096x40        0   393348   393447   394936 
%CPU %MEM ARGS Mon Oct  5 02:02:34 UTC 2026
 0.0  0.0 grep --color=auto ./cli       1  2340
68.4  4.8 ./cli kernel images/4096x40   1 394936
  PID User     Command                         Swap      USS      PSS      RSS 
11767 codespace /usr/bin/python3 /usr/bin/s        0    12072    12304    14572 
 8207 codespace ./cli kernel images/4096x40        0   393348   393443   394936 
%CPU %MEM ARGS Mon Oct  5 02:02:34 UTC 2026
 0.0  0.0 grep --color=auto ./cli       0  2296
68.4  4.8 ./cli kernel images/4096x40   1 394936
  PID User     Command                         Swap      USS      PSS      RSS 
11778 codespace /usr/bin/python3 /usr/bin/s        0    12040    12265    14408 
 8207 codespace ./cli kernel images/4096x40        0   393348   393447   394936 
%CPU %MEM ARGS Mon Oct  5 02:02:35 UTC 2026
 0.0  0.0 grep --color=auto ./cli       0  2192
68.4  4.8 ./cli kernel images/4096x40   1 394936
  PID User     Command                         Swap      USS      PSS      RSS 
11784 codespace /usr/bin/python3 /usr/bin/s        0    12020    12271    14520 
 8207 codespace ./cli kernel images/4096x40        0   393348   393447   394936 
%CPU %MEM ARGS Mon Oct  5 02:02:35 UTC 2026
 0.0  0.0 grep --color=auto ./cli       1  2296
68.4  4.8 ./cli kernel images/4096x40   0 394936
  PID User     Command                         Swap      USS      PSS      RSS 
11789 codespace /usr/bin/python3 /usr/bin/s        0    12040    12281    14496 
 8207 codespace ./cli kernel images/4096x40        0   393348   393446   394936 
%CPU %MEM ARGS Mon Oct  5 02:02:35 UTC 2026
 0.0  0.0 grep --color=auto ./cli       0  2180
68.4  4.8 ./cli kernel images/4096x40   1 394936
  PID User     Command                         Swap      USS      PSS      RSS 
11795 codespace /usr/bin/python3 /usr/bin/s        0    12040    12286    14500 
 8207 codespace ./cli kernel images/4096x40        0   393348   393446   394936 
%CPU %MEM ARGS Mon Oct  5 02:02:36 UTC 2026
 0.0  0.0 grep --color=auto ./cli       1  2300
68.3  4.8 ./cli kernel images/4096x40   0 394936
  PID User     Command                         Swap      USS      PSS      RSS 
11800 codespace /usr/bin/python3 /usr/bin/s        0    12040    12279    14528 
 8207 codespace ./cli kernel images/4096x40        0   393348   393445   394936 
%CPU %MEM ARGS Mon Oct  5 02:02:36 UTC 2026
 0.0  0.0 grep --color=auto ./cli       0  2160
68.4  4.8 ./cli kernel images/4096x40   1 394936
  PID User     Command                         Swap      USS      PSS      RSS 
11805 codespace /usr/bin/python3 /usr/bin/s        0    12048    12288    14504 
 8207 codespace ./cli kernel images/4096x40        0   393348   393447   394936 
%CPU %MEM ARGS Mon Oct  5 02:02:37 UTC 2026
 0.0  0.0 grep --color=auto ./cli       1  2176
68.3  4.8 ./cli kernel images/4096x40   0 394936
  PID User     Command                         Swap      USS      PSS      RSS 
11828 codespace /usr/bin/python3 /usr/bin/s        0    12040    12277    14460 
 8207 codespace ./cli kernel images/4096x40        0   393348   393447   394936 
%CPU %MEM ARGS Mon Oct  5 02:02:37 UTC 2026
 0.0  0.0 grep --color=auto ./cli       1  2344
68.3  4.8 ./cli kernel images/4096x40   0 394936
  PID User     Command                         Swap      USS      PSS      RSS 
11836 codespace /usr/bin/python3 /usr/bin/s        0    12016    12255    14496 
 8207 codespace ./cli kernel images/4096x40        0   393348   393446   394936 
%CPU %MEM ARGS Mon Oct  5 02:02:37 UTC 2026
 0.0  0.0 grep --color=auto ./cli       0  2176
68.3  4.8 ./cli kernel images/4096x40   1 394936
  PID User     Command                         Swap      USS      PSS      RSS 
11844 codespace /usr/bin/python3 /usr/bin/s        0    12060    12310    14604 
 8207 codespace ./cli kernel images/4096x40        0   393348   393447   394936 
%CPU %MEM ARGS Mon Oct  5 02:02:38 UTC 2026
 0.0  0.0 grep --color=auto ./cli       0  2168
68.3  4.8 ./cli kernel images/4096x40   1 394936
  PID User     Command                         Swap      USS      PSS      RSS 
11850 codespace /usr/bin/python3 /usr/bin/s        0    12080    12333    14524 
 8207 codespace ./cli kernel images/4096x40        0   393348   393446   394936 
%CPU %MEM ARGS Mon Oct  5 02:02:38 UTC 2026
 0.0  0.0 grep --color=auto ./cli       1  2176
68.3  4.8 ./cli kernel images/4096x40   0 394936
  PID User     Command                         Swap      USS      PSS      RSS 
11855 codespace /usr/bin/python3 /usr/bin/s        0    12020    12270    14564 
 8207 codespace ./cli kernel images/4096x40        0   393348   393447   394936 
%CPU %MEM ARGS Mon Oct  5 02:02:38 UTC 2026
 0.0  0.0 grep --color=auto ./cli       1  2248
68.4  4.8 ./cli kernel images/4096x40   0 394936
  PID User     Command                         Swap      USS      PSS      RSS 
11861 codespace /usr/bin/python3 /usr/bin/s        0    12040    12283    14496 
 8207 codespace ./cli kernel images/4096x40        0   393348   393446   394936 
%CPU %MEM ARGS Mon Oct  5 02:02:39 UTC 2026
 0.0  0.0 grep --color=auto ./cli       0  2160
68.4  4.8 ./cli kernel images/4096x40   1 394936
  PID User     Command                         Swap      USS      PSS      RSS 
11866 codespace /usr/bin/python3 /usr/bin/s        0    12044    12275    14464 
 8207 codespace ./cli kernel images/4096x40        0   393348   393445   394936 
%CPU %MEM ARGS Mon Oct  5 02:02:39 UTC 2026
 0.0  0.0 grep --color=auto ./cli       1  2340
68.4  4.8 ./cli kernel images/4096x40   0 394936
  PID User     Command                         Swap      USS      PSS      RSS 
11871 codespace /usr/bin/python3 /usr/bin/s        0    12040    12280    14464 
 8207 codespace ./cli kernel images/4096x40        0   393348   393447   394936 
%CPU %MEM ARGS Mon Oct  5 02:02:39 UTC 2026
 0.0  0.0 grep --color=auto ./cli       0  2192
68.4  4.8 ./cli kernel images/4096x40   1 394936
  PID User     Command                         Swap      USS      PSS      RSS 
11877 codespace /usr/bin/python3 /usr/bin/s        0    12060    12310    14604 
 8207 codespace ./cli kernel images/4096x40        0   393348   393447   394936 
%CPU %MEM ARGS Mon Oct  5 02:02:40 UTC 2026
 0.0  0.0 grep --color=auto ./cli       0  2208
68.4  4.8 ./cli kernel images/4096x40   1 394936
  PID User     Command                         Swap      USS      PSS      RSS 
11888 codespace /usr/bin/python3 /usr/bin/s        0    12044    12282    14468 
 8207 codespace ./cli kernel images/4096x40        0   393348   393447   394936 
%CPU %MEM ARGS Mon Oct  5 02:02:40 UTC 2026
 0.0  0.0 grep --color=auto ./cli       0  2248
68.4  4.8 ./cli kernel images/4096x40   1 394936
  PID User     Command                         Swap      USS      PSS      RSS 
11899 codespace /usr/bin/python3 /usr/bin/s        0    12068    12325    14572 
 8207 codespace ./cli kernel images/4096x40        0   393348   393446   394936 
%CPU %MEM ARGS Mon Oct  5 02:02:41 UTC 2026
 0.0  0.0 grep --color=auto ./cli       0  2252
68.4  4.8 ./cli kernel images/4096x40   0 394936
  PID User     Command                         Swap      USS      PSS      RSS 
11905 codespace /usr/bin/python3 /usr/bin/s        0    12068    12316    14584 
 8207 codespace ./cli kernel images/4096x40        0   393348   393447   394936 
%CPU %MEM ARGS Mon Oct  5 02:02:41 UTC 2026
 0.0  0.0 grep --color=auto ./cli       0  2192
68.4  4.8 ./cli kernel images/4096x40   1 394936
  PID User     Command                         Swap      USS      PSS      RSS 
11910 codespace /usr/bin/python3 /usr/bin/s        0    12044    12282    14528 
 8207 codespace ./cli kernel images/4096x40        0   393348   393445   394936 
%CPU %MEM ARGS Mon Oct  5 02:02:41 UTC 2026
 0.0  0.0 grep --color=auto ./cli       1  2156
68.4  4.8 ./cli kernel images/4096x40   0 394936
  PID User     Command                         Swap      USS      PSS      RSS 
11915 codespace /usr/bin/python3 /usr/bin/s        0    12040    12279    14528 
 8207 codespace ./cli kernel images/4096x40        0   393348   393445   394936 
%CPU %MEM ARGS Mon Oct  5 02:02:42 UTC 2026
 0.0  0.0 grep --color=auto ./cli       1  2180
68.4  4.8 ./cli kernel images/4096x40   0 394936
  PID User     Command                         Swap      USS      PSS      RSS 
11921 codespace /usr/bin/python3 /usr/bin/s        0    12040    12270    14460 
 8207 codespace ./cli kernel images/4096x40        0   393348   393446   394936 
%CPU %MEM ARGS Mon Oct  5 02:02:42 UTC 2026
 0.0  0.0 grep --color=auto ./cli       1  2200
68.4  4.8 ./cli kernel images/4096x40   0 394936
  PID User     Command                         Swap      USS      PSS      RSS 
11926 codespace /usr/bin/python3 /usr/bin/s        0    12024    12263    14512 
 8207 codespace ./cli kernel images/4096x40        0   393348   393445   394936 
%CPU %MEM ARGS Mon Oct  5 02:02:42 UTC 2026
 0.0  0.0 grep --color=auto ./cli       1  2176
68.4  4.8 ./cli kernel images/4096x40   0 394936
  PID User     Command                         Swap      USS      PSS      RSS 
11932 codespace /usr/bin/python3 /usr/bin/s        0    12044    12259    14432 
 8207 codespace ./cli kernel images/4096x40        0   393348   393446   394936 
%CPU %MEM ARGS Mon Oct  5 02:02:43 UTC 2026
 0.0  0.0 grep --color=auto ./cli       0  2212
68.4  4.8 ./cli kernel images/4096x40   1 394936
  PID User     Command                         Swap      USS      PSS      RSS 
11937 codespace /usr/bin/python3 /usr/bin/s        0    12040    12283    14500 
 8207 codespace ./cli kernel images/4096x40        0   393348   393446   394936 
%CPU %MEM ARGS Mon Oct  5 02:02:43 UTC 2026
 0.0  0.0 grep --color=auto ./cli       1  2344
68.4  4.8 ./cli kernel images/4096x40   0 394936
  PID User     Command                         Swap      USS      PSS      RSS 
11942 codespace /usr/bin/python3 /usr/bin/s        0    12092    12343    14592 
 8207 codespace ./cli kernel images/4096x40        0   393348   393447   394936 
%CPU %MEM ARGS Mon Oct  5 02:02:43 UTC 2026
 0.0  0.0 grep --color=auto ./cli       0  2288
68.4  4.8 ./cli kernel images/4096x40   0 394936
  PID User     Command                         Swap      USS      PSS      RSS 
11954 codespace /usr/bin/python3 /usr/bin/s        0    12040    12267    14412 
 8207 codespace ./cli kernel images/4096x40        0   393348   393446   394936 
%CPU %MEM ARGS Mon Oct  5 02:02:44 UTC 2026
 0.0  0.0 grep --color=auto ./cli       0  2304
68.4  4.8 ./cli kernel images/4096x40   1 394936
  PID User     Command                         Swap      USS      PSS      RSS 
11959 codespace /usr/bin/python3 /usr/bin/s        0    12040    12280    14464 
 8207 codespace ./cli kernel images/4096x40        0   393348   393447   394936 
%CPU %MEM ARGS Mon Oct  5 02:02:44 UTC 2026
 0.0  0.0 grep --color=auto ./cli       0  2124
68.4  4.8 ./cli kernel images/4096x40   1 394936
  PID User     Command                         Swap      USS      PSS      RSS 
11964 codespace /usr/bin/python3 /usr/bin/s        0    12000    12238    14484 
 8207 codespace ./cli kernel images/4096x40        0   393348   393445   394936 
%CPU %MEM ARGS Mon Oct  5 02:02:44 UTC 2026
 0.0  0.0 grep --color=auto ./cli       1  2176
68.4  4.8 ./cli kernel images/4096x40   0 394936
  PID User     Command                         Swap      USS      PSS      RSS 
11970 codespace /usr/bin/python3 /usr/bin/s        0    12040    12274    14460 
 8207 codespace ./cli kernel images/4096x40        0   393348   393447   394936 
%CPU %MEM ARGS Mon Oct  5 02:02:45 UTC 2026
 0.0  0.0 grep --color=auto ./cli       0  2176
68.4  4.8 ./cli kernel images/4096x40   1 394936
  PID User     Command                         Swap      USS      PSS      RSS 
11975 codespace /usr/bin/python3 /usr/bin/s        0    12048    12294    14508 
 8207 codespace ./cli kernel images/4096x40        0   393348   393446   394936 
%CPU %MEM ARGS Mon Oct  5 02:02:45 UTC 2026
 0.0  0.0 grep --color=auto ./cli       0  2200
68.4  4.8 ./cli kernel images/4096x40   1 394936
  PID User     Command                         Swap      USS      PSS      RSS 
11980 codespace /usr/bin/python3 /usr/bin/s        0    12036    12239    14460 
 8207 codespace ./cli kernel images/4096x40        0   393348   393443   394936 
%CPU %MEM ARGS Mon Oct  5 02:02:46 UTC 2026
 0.0  0.0 grep --color=auto ./cli       0  2344
68.4  4.8 ./cli kernel images/4096x40   1 394936
  PID User     Command                         Swap      USS      PSS      RSS 
11992 codespace /usr/bin/python3 /usr/bin/s        0    12040    12282    14496 
 8207 codespace ./cli kernel images/4096x40        0   393348   393446   394936 
%CPU %MEM ARGS Mon Oct  5 02:02:46 UTC 2026
 0.0  0.0 grep --color=auto ./cli       1  2204
68.4  4.8 ./cli kernel images/4096x40   0 394936
  PID User     Command                         Swap      USS      PSS      RSS 
11997 codespace /usr/bin/python3 /usr/bin/s        0    12040    12276    14448 
 8207 codespace ./cli kernel images/4096x40        0   393348   393448   394936 
%CPU %MEM ARGS Mon Oct  5 02:02:46 UTC 2026
 0.0  0.0 grep --color=auto ./cli       0  2156
68.4  4.8 ./cli kernel images/4096x40   0 394936
  PID User     Command                         Swap      USS      PSS      RSS 
12003 codespace /usr/bin/python3 /usr/bin/s        0    12036    12238    14524 
 8207 codespace ./cli kernel images/4096x40        0   393348   393438   394936 
%CPU %MEM ARGS Mon Oct  5 02:02:47 UTC 2026
 0.0  0.0 grep --color=auto ./cli       0  2252
68.3  4.8 ./cli kernel images/4096x40   1 394936
  PID User     Command                         Swap      USS      PSS      RSS 
12032 codespace /usr/bin/python3 /usr/bin/s        0    12060    12294    14480 
 8207 codespace ./cli kernel images/4096x40        0   393348   393447   394936 
%CPU %MEM ARGS Mon Oct  5 02:02:47 UTC 2026
 0.0  0.0 grep --color=auto ./cli       1  2180
68.3  4.8 ./cli kernel images/4096x40   0 394936
  PID User     Command                         Swap      USS      PSS      RSS 
12038 codespace /usr/bin/python3 /usr/bin/s        0    12040    12272    14460 
 8207 codespace ./cli kernel images/4096x40        0   393348   393447   394936 
%CPU %MEM ARGS Mon Oct  5 02:02:48 UTC 2026
 0.0  0.0 grep --color=auto ./cli       1  2200
68.3  4.8 ./cli kernel images/4096x40   0 394936
  PID User     Command                         Swap      USS      PSS      RSS 
12043 codespace /usr/bin/python3 /usr/bin/s        0    12068    12310    14560 
 8207 codespace ./cli kernel images/4096x40        0   393348   393447   394936 
%CPU %MEM ARGS Mon Oct  5 02:02:48 UTC 2026
 0.0  0.0 grep --color=auto ./cli       0  2292
68.3  4.8 ./cli kernel images/4096x40   1 394936
  PID User     Command                         Swap      USS      PSS      RSS 
12048 codespace /usr/bin/python3 /usr/bin/s        0    12052    12300    14552 
 8207 codespace ./cli kernel images/4096x40        0   393348   393447   394936 
%CPU %MEM ARGS Mon Oct  5 02:02:48 UTC 2026
 0.0  0.0 grep --color=auto ./cli       0  2308
68.3  4.8 ./cli kernel images/4096x40   1 394936
  PID User     Command                         Swap      USS      PSS      RSS 
12054 codespace /usr/bin/python3 /usr/bin/s        0    12040    12281    14496 
 8207 codespace ./cli kernel images/4096x40        0   393348   393446   394936 
%CPU %MEM ARGS Mon Oct  5 02:02:49 UTC 2026
 0.0  0.0 grep --color=auto ./cli       1  2300
68.3  4.8 ./cli kernel images/4096x40   0 394936
  PID User     Command                         Swap      USS      PSS      RSS 
12059 codespace /usr/bin/python3 /usr/bin/s        0    12040    12276    14460 
 8207 codespace ./cli kernel images/4096x40        0   393348   393447   394936 
%CPU %MEM ARGS Mon Oct  5 02:02:49 UTC 2026
 0.0  0.0 grep --color=auto ./cli       0  2156
68.3  4.8 ./cli kernel images/4096x40   1 394936
  PID User     Command                         Swap      USS      PSS      RSS 
12064 codespace /usr/bin/python3 /usr/bin/s        0    12044    12285    14500 
 8207 codespace ./cli kernel images/4096x40        0   393348   393446   394936 
%CPU %MEM ARGS Mon Oct  5 02:02:49 UTC 2026
 0.0  0.0 grep --color=auto ./cli       0  2288
68.3  4.8 ./cli kernel images/4096x40   1 394936
  PID User     Command                         Swap      USS      PSS      RSS 
12069 codespace /usr/bin/python3 /usr/bin/s        0    12040    12280    14528 
 8207 codespace ./cli kernel images/4096x40        0   393348   393445   394936 
%CPU %MEM ARGS Mon Oct  5 02:02:50 UTC 2026
 0.0  0.0 grep --color=auto ./cli       1  2192
68.3  4.8 ./cli kernel images/4096x40   0 394936
  PID User     Command                         Swap      USS      PSS      RSS 
12075 codespace /usr/bin/python3 /usr/bin/s        0    12040    12280    14496 
 8207 codespace ./cli kernel images/4096x40        0   393348   393447   394936 
%CPU %MEM ARGS Mon Oct  5 02:02:50 UTC 2026
 0.0  0.0 grep --color=auto ./cli       0  2292
68.3  4.8 ./cli kernel images/4096x40   1 394936
  PID User     Command                         Swap      USS      PSS      RSS 
12086 codespace /usr/bin/python3 /usr/bin/s        0    12092    12341    14612 
 8207 codespace ./cli kernel images/4096x40        0   393348   393447   394936 
%CPU %MEM ARGS Mon Oct  5 02:02:50 UTC 2026
 0.0  0.0 grep --color=auto ./cli       0  2308
68.3  4.8 ./cli kernel images/4096x40   1 394936
  PID User     Command                         Swap      USS      PSS      RSS 
12091 codespace /usr/bin/python3 /usr/bin/s        0    12076    12318    14536 
 8207 codespace ./cli kernel images/4096x40        0   393348   393446   394936 
